Index,Outcome,p_spearman,p_pvalue,CV_RMSE,R2,RMSE_in,AIC,BIC,p_value,N,nGenos,Species,p_adj_BH,Rank
EVI,FvFm,-0.796881343,7.67134E-10,0.097630833,0.681994363,0.09308517,-70.42414937,-65.35751101,5.41542E-11,40,5,Acropora hemprichii,8.52929E-10,1
g_norm,FvFm,-0.789551538,1.40404E-09,0.107380198,0.630312295,0.100364607,-64.40056933,-59.33393097,9.82014E-10,40,5,Acropora hemprichii,5.15557E-09,2
ExG_2,FvFm,-0.789551538,1.40404E-09,0.107380198,0.630312295,0.100364607,-64.40056933,-59.33393097,9.82014E-10,40,5,Acropora hemprichii,5.15557E-09,3
VDVI,FvFm,-0.789551538,1.40404E-09,0.108950198,0.619907277,0.101767209,-63.2903044,-58.22366604,1.67686E-09,40,5,Acropora hemprichii,6.21426E-09,4
CIVE_norm,FvFm,0.788799764,1.49183E-09,0.103602444,0.657250835,0.096638747,-67.42695833,-62.36031996,2.2876E-10,40,5,Acropora hemprichii,2.40198E-09,5
ExGR_2,FvFm,-0.778650803,3.30563E-09,0.098866614,0.682476865,0.093014525,-70.48488646,-65.41824809,5.25969E-11,40,5,Acropora hemprichii,8.52929E-10,6
VEG,FvFm,-0.772260717,5.34193E-09,0.106968091,0.625566297,0.101006786,-63.89032332,-58.82368496,1.25573E-09,40,5,Acropora hemprichii,5.27405E-09,7
ChOL,FvFm,-0.771602914,5.60758E-09,0.092412446,0.703521863,0.089879246,-73.22797455,-68.16133619,1.40912E-11,40,5,Acropora hemprichii,8.52929E-10,8
VARI,FvFm,-0.77141497,5.68572E-09,0.100207278,0.668409616,0.095052611,-68.75089671,-63.68425835,1.21024E-10,40,5,Acropora hemprichii,1.5249E-09,9
a_coral,FvFm,0.767092265,7.78862E-09,0.099759966,0.683904889,0.092805128,-70.66518759,-65.59854923,4.82329E-11,40,5,Acropora hemprichii,8.52929E-10,10
G_index,FvFm,-0.746324484,3.23346E-08,0.113912854,0.56065925,0.109411716,-57.49590138,-52.42926302,2.75375E-08,40,5,Acropora hemprichii,8.67431E-08,11
MGRVI,FvFm,-0.742377667,4.17353E-08,0.103928127,0.642431739,0.098705776,-65.73386233,-60.66722397,5.16704E-10,40,5,Acropora hemprichii,4.65034E-09,12
NGRI,FvFm,-0.742377667,4.17353E-08,0.105198225,0.63552417,0.099654624,-64.96850406,-59.9018657,7.46969E-10,40,5,Acropora hemprichii,5.15557E-09,13
NDI,FvFm,0.742377667,4.17353E-08,0.105234338,0.635257916,0.099691016,-64.93929433,-59.87265597,7.57552E-10,40,5,Acropora hemprichii,5.15557E-09,14
OSAVI,FvFm,-0.741437948,4.43201E-08,0.105681608,0.631932869,0.100144385,-64.57630001,-59.50966165,9.02298E-10,40,5,Acropora hemprichii,5.15557E-09,15
EVI_2,FvFm,-0.739276595,5.08399E-08,0.106085948,0.628069627,0.100668572,-64.15864693,-59.09200856,1.10342E-09,40,5,Acropora hemprichii,5.17973E-09,16
SAVI,FvFm,-0.739276595,5.08399E-08,0.106300168,0.627253189,0.100779002,-64.07093778,-59.00429942,1.15105E-09,40,5,Acropora hemprichii,5.17973E-09,17
g_minus_r,FvFm,-0.737679074,5.62197E-08,0.107967361,0.614206673,0.102527518,-62.6948415,-57.62820313,2.23455E-09,40,5,Acropora hemprichii,7.82093E-09,18
L_coral,FvFm,-0.735235805,6.54784E-08,0.116148972,0.541517978,0.11176974,-55.79007042,-50.72343206,6.29125E-08,40,5,Acropora hemprichii,1.88737E-07,19
DeltaE2000,FvFm,0.735141834,6.58613E-08,0.118402859,0.526611935,0.113572122,-54.51029424,-49.44365588,1.17027E-07,40,5,Acropora hemprichii,2.83566E-07,20
Grayscale_weight,FvFm,-0.732886509,7.56983E-08,0.118331535,0.526831894,0.113545733,-54.5288845,-49.46224614,1.15976E-07,40,5,Acropora hemprichii,2.83566E-07,21
D_toWhite,FvFm,0.732510622,7.74646E-08,0.117910437,0.529875645,0.113179941,-54.78702392,-49.72038555,1.02323E-07,40,5,Acropora hemprichii,2.68598E-07,22
R_plus_G,FvFm,-0.73194679,8.0186E-08,0.116617199,0.535623959,0.112485874,-55.2791274,-50.21248904,8.05962E-08,40,5,Acropora hemprichii,2.20763E-07,23
Grayscale_norm,FvFm,-0.730067353,8.99113E-08,0.123366296,0.488453961,0.118060726,-51.4094101,-46.34277173,5.28263E-07,40,5,Acropora hemprichii,1.04002E-06,24
D_toWhite_RGB,FvFm,0.725650676,1.17234E-07,0.122777046,0.494279075,0.117386607,-51.86751428,-46.80087592,4.22676E-07,40,5,Acropora hemprichii,8.8762E-07,25
DeltaE76,FvFm,0.723583295,1.32508E-07,0.119962325,0.512595728,0.115241195,-53.34315743,-48.27651907,2.06254E-07,40,5,Acropora hemprichii,4.81259E-07,26
V_hsv,FvFm,-0.722173717,1.43958E-07,0.120005,0.504045769,0.116247571,-52.64756783,-47.58092947,2.89217E-07,40,5,Acropora hemprichii,6.283E-07,27
R_index,FvFm,-0.722173717,1.43958E-07,0.120005,0.504045769,0.116247571,-52.64756783,-47.58092947,2.89217E-07,40,5,Acropora hemprichii,6.283E-07,28
ExR,FvFm,0.722079745,1.44753E-07,0.111569568,0.586987983,0.106082667,-59.96784614,-54.90120778,8.33341E-09,40,5,Acropora hemprichii,2.76318E-08,29
int,FvFm,-0.721515914,1.49609E-07,0.124256436,0.484454207,0.118521383,-51.09786839,-46.03123003,6.14808E-07,40,5,Acropora hemprichii,1.17372E-06,30
F_PC1,FvFm,-0.720952083,1.54616E-07,0.123315175,0.490829035,0.117786333,-51.59555987,-46.52892151,4.82494E-07,40,5,Acropora hemprichii,9.80553E-07,31
R_plus_B,FvFm,-0.699244584,5.18514E-07,0.129585802,0.442439712,0.123256265,-47.96408817,-42.8974498,2.83807E-06,40,5,Acropora hemprichii,4.83239E-06,32
GLI2,FvFm,-0.698868697,5.28997E-07,0.118143426,0.536407138,0.11239098,-55.34664506,-50.28000669,7.80002E-08,40,5,Acropora hemprichii,2.20763E-07,33
CIVE_raw,FvFm,0.697741035,5.61635E-07,0.108220682,0.623479678,0.101287837,-63.66803283,-58.60139446,1.39773E-09,40,5,Acropora hemprichii,5.50355E-09,34
Distance,FvFm,0.697083232,5.81523E-07,0.126707463,0.463233684,0.120936032,-49.48440033,-44.41776197,1.35019E-06,40,5,Acropora hemprichii,2.36283E-06,35
B_index,FvFm,-0.695861598,6.20193E-07,0.139356666,0.3676136,0.131266633,-42.92688969,-37.86025132,3.37358E-05,40,5,Acropora hemprichii,5.18379E-05,36
r_norm,FvFm,0.694076132,6.81001E-07,0.12539391,0.476001269,0.119489076,-50.44734319,-45.38070483,8.44119E-07,40,5,Acropora hemprichii,1.5641E-06,37
redness_index,FvFm,0.677819001,1.54934E-06,0.124936438,0.46981971,0.12019181,-49.97822895,-44.91159058,1.06108E-06,40,5,Acropora hemprichii,1.90995E-06,38
r_minus_b,FvFm,0.629987326,1.3251E-05,0.138928851,0.350471759,0.133033833,-41.85706103,-36.79042267,5.72727E-05,40,5,Acropora hemprichii,8.59091E-05,39
H_hsv,FvFm,-0.619838366,1.99654E-05,0.165344627,0.017142078,0.163647154,-25.28833068,-20.22169232,0.420659698,40,5,Acropora hemprichii,0.456923466,40
NRBI,FvFm,0.58262551,7.99589E-05,0.143440673,0.301981066,0.137910295,-38.97706452,-33.91042616,0.000240073,40,5,Acropora hemprichii,0.000336103,41
S_hsv,FvFm,0.58262551,7.99589E-05,0.144612992,0.289791654,0.139109238,-38.28457878,-33.21794042,0.000339579,40,5,Acropora hemprichii,0.00045518,42
KI,FvFm,-0.58262551,7.99589E-05,0.171580764,0.109309017,0.15578535,-29.2270118,-24.16037343,0.037186308,40,5,Acropora hemprichii,0.044202592,43
R_minus_G,FvFm,0.573886128,0.000108125,0.138628573,0.345899349,0.133501264,-41.57646406,-36.5098257,6.58179E-05,40,5,Acropora hemprichii,9.64309E-05,44
RGBVI,FvFm,-0.533572201,0.000391937,0.143427724,0.331792208,0.134933211,-40.72294605,-35.65630769,0.000100544,40,5,Acropora hemprichii,0.000143961,45
COM_norm,FvFm,-0.531410849,0.000418067,0.139389964,0.395939258,0.128293128,-44.75992328,-39.69328492,1.36656E-05,40,5,Acropora hemprichii,2.26561E-05,46
ExGR,FvFm,-0.531410849,0.000418067,0.140115023,0.390376616,0.128882483,-44.39325911,-39.32662075,1.63684E-05,40,5,Acropora hemprichii,2.64412E-05,47
ExG,FvFm,-0.523047353,0.00053451,0.141147392,0.382077622,0.129756777,-43.85239979,-38.78576143,2.13664E-05,40,5,Acropora hemprichii,3.36521E-05,48
b_norm,FvFm,-0.501057939,0.000990357,0.152390516,0.194630671,0.148136006,-33.25487501,-28.18823665,0.004378661,40,5,Acropora hemprichii,0.005629707,49
COM_raw,FvFm,-0.476343341,0.001889124,0.152285846,0.291349872,0.138956549,-38.37243641,-33.30579804,0.000324946,40,5,Acropora hemprichii,0.000445034,50
WI,FvFm,-0.461965647,0.002692257,0.155220868,0.263074396,0.141701651,-36.80743594,-31.74079758,0.000713995,40,5,Acropora hemprichii,0.000937119,51
hue_angle,FvFm,-0.461965647,0.002692257,0.171043594,0.157321427,0.151528409,-31.44348982,-26.37685146,0.011280066,40,5,Acropora hemprichii,0.013934199,52
G_minus_B,FvFm,-0.369403368,0.018982252,0.164941476,0.158758436,0.151399154,-31.51175956,-26.4451212,0.010880774,40,5,Acropora hemprichii,0.013709776,53
F_PC2,FvFm,-0.325330567,0.040518527,0.165125625,0.147629831,0.152397277,-30.98607753,-25.91943917,0.014373885,40,5,Acropora hemprichii,0.017414514,54
Chroma_coral,FvFm,0.234647726,0.145000405,0.164539965,0.039028937,0.1618148,-26.18914179,-21.12250343,0.221734477,40,5,Acropora hemprichii,0.258690223,55
ExB,FvFm,-0.18728591,0.247184772,0.16521289,0.021524365,0.163281918,-25.46707822,-20.40043985,0.366331879,40,5,Acropora hemprichii,0.412123364,56
NGBI,FvFm,0.160128044,0.323636422,0.165707485,0.017928203,0.163581696,-25.32033693,-20.25369857,0.410110215,40,5,Acropora hemprichii,0.453279711,57
b_coral,FvFm,-0.131654571,0.418062693,0.171806039,0.025080661,0.162984922,-25.61272412,-20.54608575,0.329050308,40,5,Acropora hemprichii,0.376912171,58
g_minus_b,FvFm,0.089837095,0.58144212,0.168305193,0.000541939,0.16502334,-24.61838596,-19.55174759,0.886619144,40,5,Acropora hemprichii,0.897612475,59
IPCA,FvFm,-0.081285656,0.618047021,0.171613549,0.016429709,0.163706449,-25.25934944,-20.19271108,0.430565302,40,5,Acropora hemprichii,0.45975617,60
R_minus_B,FvFm,-0.073016133,0.654333943,0.171554515,0.010002134,0.164240484,-24.99880216,-19.9321638,0.539209876,40,5,Acropora hemprichii,0.56617037,61
WI_old,FvFm,0.035709305,0.826842012,0.169044174,0.00044141,0.16503164,-24.61436282,-19.54772446,0.897612475,40,5,Acropora hemprichii,0.897612475,62
chroma_index,FvFm,-0.007705692,0.962361532,0.170736129,0.001992512,0.164903543,-24.67648248,-19.60984412,0.784471307,40,5,Acropora hemprichii,0.810191678,63
DeltaE2000,cells_cm2,0.844465291,0,0.09943794,0.623868745,0.090073777,-73.05501296,-67.9883746,1.37014E-09,40,5,Acropora hemprichii,3.197E-09,1
G_index,cells_cm2,-0.841838649,0,0.095427934,0.659113145,0.085749934,-76.99051474,-71.92387638,2.05993E-10,40,5,Acropora hemprichii,1.05639E-09,2
OSAVI,cells_cm2,-0.839962477,0,0.087330238,0.69485512,0.081130043,-81.42107237,-76.354434,2.45025E-11,40,5,Acropora hemprichii,3.0783E-10,3
Grayscale_weight,cells_cm2,-0.839962477,0,0.095587462,0.655839075,0.086160745,-76.60816544,-71.54152707,2.47589E-10,40,5,Acropora hemprichii,1.05639E-09,4
NDI,cells_cm2,0.839212008,0,0.087601307,0.69413114,0.08122623,-81.32628155,-76.25964318,2.56434E-11,40,5,Acropora hemprichii,3.0783E-10,5
NGRI,cells_cm2,-0.839212008,0,0.087625699,0.694056132,0.081236189,-81.31647362,-76.24983526,2.57644E-11,40,5,Acropora hemprichii,3.0783E-10,6
MGRVI,cells_cm2,-0.839212008,0,0.089773531,0.682950957,0.082697406,-79.89028065,-74.82364228,5.11081E-11,40,5,Acropora hemprichii,4.02477E-10,7
L_coral,cells_cm2,-0.837898687,0,0.094893301,0.660901313,0.085524731,-77.20089244,-72.13425408,1.86169E-10,40,5,Acropora hemprichii,1.05639E-09,8
R_plus_G,cells_cm2,-0.837335835,0,0.095846501,0.654765528,0.086295022,-76.4835869,-71.41694853,2.62882E-10,40,5,Acropora hemprichii,1.05639E-09,9
SAVI,cells_cm2,-0.836772983,0,0.087047208,0.695257444,0.081076542,-81.47384579,-76.40720743,2.38894E-11,40,5,Acropora hemprichii,3.0783E-10,10
EVI_2,cells_cm2,-0.836772983,0,0.087702633,0.691991487,0.081509837,-81.04744257,-75.9808042,2.93171E-11,40,5,Acropora hemprichii,3.0783E-10,11
D_toWhite_RGB,cells_cm2,0.833771107,0,0.096016395,0.649050179,0.087006396,-75.82680936,-70.760171,3.6059E-10,40,5,Acropora hemprichii,1.23347E-09,12
Distance,cells_cm2,0.832457786,0,0.096690771,0.645596706,0.087433435,-75.43511895,-70.36848059,4.35401E-10,40,5,Acropora hemprichii,1.24683E-09,13
F_PC1,cells_cm2,-0.831707317,0,0.09615514,0.649453912,0.086956335,-75.87285188,-70.80621352,3.52688E-10,40,5,Acropora hemprichii,1.23347E-09,14
int,cells_cm2,-0.831707317,0,0.096307488,0.64784067,0.087156196,-75.68919089,-70.62255253,3.85282E-10,40,5,Acropora hemprichii,1.23347E-09,15
DeltaE76,cells_cm2,0.829831144,0,0.095315127,0.656272228,0.086106508,-76.6585402,-71.59190183,2.41661E-10,40,5,Acropora hemprichii,1.05639E-09,16
D_toWhite,cells_cm2,0.829268293,0,0.095214218,0.65440014,0.086340676,-76.4412742,-71.37463583,2.68289E-10,40,5,Acropora hemprichii,1.05639E-09,17
g_minus_r,cells_cm2,-0.82739212,0,0.086784034,0.69319356,0.081350626,-81.20385708,-76.13721872,2.71959E-11,40,5,Acropora hemprichii,3.0783E-10,18
ExR,cells_cm2,0.826829268,0,0.087408055,0.686666099,0.082211459,-80.36176352,-75.29512516,4.07504E-11,40,5,Acropora hemprichii,3.66753E-10,19
R_plus_B,cells_cm2,-0.825515947,0,0.097773084,0.635500608,0.088670074,-74.31154421,-69.24490585,7.479E-10,40,5,Acropora hemprichii,1.88471E-09,20
Grayscale_norm,cells_cm2,-0.822514071,1.84758E-10,0.096705464,0.647544003,0.087192899,-75.65550816,-70.58886979,3.91579E-10,40,5,Acropora hemprichii,1.23347E-09,21
ChOL,cells_cm2,-0.82120075,1.77419E-09,0.103315704,0.611067231,0.09159377,-71.71627955,-66.64964118,2.61273E-09,40,5,Acropora hemprichii,5.87865E-09,22
VARI,cells_cm2,-0.819324578,4.14458E-09,0.096246859,0.646226597,0.087355701,-75.50627539,-70.43963703,4.20741E-10,40,5,Acropora hemprichii,1.24683E-09,23
GLI2,cells_cm2,-0.816885553,7.40592E-09,0.088909206,0.673351187,0.083940047,-78.69711436,-73.630476,9.06749E-11,40,5,Acropora hemprichii,6.34724E-10,24
ExGR_2,cells_cm2,-0.812007505,1.45631E-08,0.091448551,0.671471618,0.0841812,-78.46761019,-73.40097183,1.0125E-10,40,5,Acropora hemprichii,6.37876E-10,25
V_hsv,cells_cm2,-0.807692308,2.16367E-08,0.097074467,0.643531357,0.087687832,-75.20268835,-70.13604999,4.86948E-10,40,5,Acropora hemprichii,1.27824E-09,26
R_index,cells_cm2,-0.807692308,2.16367E-08,0.097074467,0.643531357,0.087687832,-75.20268835,-70.13604999,4.86948E-10,40,5,Acropora hemprichii,1.27824E-09,27
B_index,cells_cm2,-0.804315197,2.76871E-08,0.102216193,0.593727564,0.093613255,-69.97158114,-64.90494277,6.06425E-09,40,5,Acropora hemprichii,1.27349E-08,28
r_norm,cells_cm2,0.793996248,4.92419E-08,0.094676645,0.63281464,0.088996175,-74.01786793,-68.95122956,8.61544E-10,40,5,Acropora hemprichii,2.08759E-09,29
redness_index,cells_cm2,0.787429644,6.56713E-08,0.098504144,0.604673933,0.092343513,-71.06410311,-65.99746475,3.57883E-09,40,5,Acropora hemprichii,7.77471E-09,30
r_minus_b,cells_cm2,0.734896811,3.67733E-07,0.10698608,0.540663367,0.099539214,-65.06120568,-59.99456732,6.52255E-08,40,5,Acropora hemprichii,1.32555E-07,31
S_hsv,cells_cm2,0.70619137,1.01768E-06,0.111274279,0.497284579,0.104133333,-61.45156966,-56.3849313,3.76379E-07,40,5,Acropora hemprichii,6.77482E-07,32
NRBI,cells_cm2,0.70619137,1.01768E-06,0.112938407,0.489531717,0.104933231,-60.83939927,-55.77276091,5.07004E-07,40,5,Acropora hemprichii,8.87258E-07,33
KI,cells_cm2,-0.70619137,1.01768E-06,0.14026012,0.353290837,0.118109049,-51.37667244,-46.31003408,5.25439E-05,40,5,Acropora hemprichii,8.07382E-05,34
EVI,cells_cm2,-0.703001876,1.15045E-06,0.113611157,0.504961033,0.103335217,-62.06708031,-57.00044195,2.79012E-07,40,5,Acropora hemprichii,5.3266E-07,35
H_hsv,cells_cm2,-0.675984991,3.38114E-06,0.140407624,0.18827995,0.132321922,-42.28631891,-37.21968054,0.005152852,40,5,Acropora hemprichii,0.007057167,36
CIVE_norm,cells_cm2,0.670356473,4.24478E-06,0.110283941,0.532441066,0.100426157,-64.35152339,-59.28488503,9.20159E-08,40,5,Acropora hemprichii,1.81156E-07,37
VEG,cells_cm2,-0.669418386,4.40851E-06,0.115049564,0.499521223,0.103901423,-61.62993178,-56.56329342,3.45099E-07,40,5,Acropora hemprichii,6.39449E-07,38
VDVI,cells_cm2,-0.649718574,9.66239E-06,0.115367102,0.487353663,0.105156856,-60.66909125,-55.60245289,5.50838E-07,40,5,Acropora hemprichii,9.37914E-07,39
g_norm,cells_cm2,-0.649718574,9.66239E-06,0.115880298,0.483665634,0.105534433,-60.38235744,-55.31571907,6.33392E-07,40,5,Acropora hemprichii,1.02317E-06,40
ExG_2,cells_cm2,-0.649718574,9.66239E-06,0.115880298,0.483665634,0.105534433,-60.38235744,-55.31571907,6.33392E-07,40,5,Acropora hemprichii,1.02317E-06,41
b_norm,cells_cm2,-0.631144465,1.97007E-05,0.123524544,0.389914183,0.114716035,-53.70855431,-48.64191594,1.66147E-05,40,5,Acropora hemprichii,2.61681E-05,42
a_coral,cells_cm2,0.590806754,8.22529E-05,0.125755283,0.349004889,0.118499776,-51.11245425,-46.04581589,5.98914E-05,40,5,Acropora hemprichii,8.98371E-05,43
CIVE_raw,cells_cm2,0.491932458,0.001442937,0.135472951,0.248892743,0.127285708,-45.3906011,-40.32396274,0.001050078,40,5,Acropora hemprichii,0.001538486,44
R_minus_G,cells_cm2,0.442589118,0.004583249,0.137661216,0.193401293,0.131903836,-42.53948835,-37.47284998,0.004519137,40,5,Acropora hemprichii,0.006467196,45
RGBVI,cells_cm2,-0.398874296,0.01128337,0.145472757,0.192546092,0.131973743,-42.49710055,-37.43046219,0.004619426,40,5,Acropora hemprichii,0.006467196,46
Chroma_coral,cells_cm2,0.375797373,0.0174115,0.148788634,0.131223782,0.136893437,-39.5691165,-34.50247813,0.021616317,40,5,Acropora hemprichii,0.028371416,47
ExB,cells_cm2,-0.365103189,0.021094073,0.144830522,0.13925444,0.136259271,-39.94058178,-34.87394342,0.017708101,40,5,Acropora hemprichii,0.023736391,48
NGBI,cells_cm2,0.328142589,0.039242913,0.147607791,0.106051471,0.138862482,-38.42661152,-33.35997315,0.040307057,40,5,Acropora hemprichii,0.051823359,49
g_minus_b,cells_cm2,0.270919325,0.090991692,0.150570798,0.066522507,0.14189941,-36.69586541,-31.62922705,0.10809405,40,5,Acropora hemprichii,0.133527944,50
WI_old,cells_cm2,0.238086304,0.138771804,0.151365893,0.057279146,0.142600229,-36.30173072,-31.23509236,0.136916083,40,5,Acropora hemprichii,0.15973543,51
COM_norm,cells_cm2,-0.221575985,0.168932919,0.154033721,0.068552828,0.14174501,-36.78296051,-31.71632215,0.102672045,40,5,Acropora hemprichii,0.129366776,52
ExGR,cells_cm2,-0.221575985,0.168932919,0.154378674,0.064995525,0.142015422,-36.63048688,-31.56384852,0.112370627,40,5,Acropora hemprichii,0.136141337,53
ExG,cells_cm2,-0.211257036,0.190056383,0.154801063,0.0606497,0.142345078,-36.44500089,-31.37836252,0.125554412,40,5,Acropora hemprichii,0.149243924,54
chroma_index,cells_cm2,0.185178236,0.251675072,0.1572951,0.023282599,0.145148692,-34.88464518,-29.81800682,0.347238397,40,5,Acropora hemprichii,0.396816232,55
COM_raw,cells_cm2,-0.168105066,0.298641018,0.158440039,0.022764325,0.145187197,-34.86342565,-29.79678729,0.35272554,40,5,Acropora hemprichii,0.396816232,56
WI,cells_cm2,-0.165666041,0.305785651,0.159646172,0.019140917,0.145456112,-34.7153874,-29.64874903,0.394566484,40,5,Acropora hemprichii,0.421316754,57
hue_angle,cells_cm2,-0.165666041,0.305785651,0.164551979,0.000835812,0.146807112,-33.97577483,-28.90913647,0.859442093,40,5,Acropora hemprichii,0.859442093,58
R_minus_B,cells_cm2,0.140900563,0.384479651,0.15827494,0.019489463,0.145430266,-34.72960383,-29.66296546,0.390253352,40,5,Acropora hemprichii,0.421316754,59
IPCA,cells_cm2,0.125891182,0.437522986,0.158301781,0.008681038,0.146229627,-34.29108585,-29.22444749,0.567435481,40,5,Acropora hemprichii,0.586039923,60
b_coral,cells_cm2,0.099624765,0.539484429,0.157777775,0.019799818,0.145407248,-34.74226679,-29.67562843,0.386468134,40,5,Acropora hemprichii,0.421316754,61
F_PC2,cells_cm2,-0.087617261,0.589650873,0.15915493,0.01279359,0.14592599,-34.45737367,-29.3907353,0.487109505,40,5,Acropora hemprichii,0.51146498,62
G_minus_B,cells_cm2,-0.074484053,0.646787126,0.160740721,0.003430053,0.146616402,-34.07976634,-29.01312798,0.719616917,40,5,Acropora hemprichii,0.731223642,63
EVI,host_protein_cm2,-0.828517824,0,97.08305741,0.561721851,91.19250104,480.5528961,485.6195345,2.62764E-08,40,5,Acropora hemprichii,8.27705E-07,1
VARI,host_protein_cm2,-0.828330206,0,93.33637439,0.572184683,90.09742568,479.5864101,484.6530484,1.64629E-08,40,5,Acropora hemprichii,8.27705E-07,2
ChOL,host_protein_cm2,-0.827579737,0,93.33985744,0.530735061,94.36115995,483.2854464,488.3520848,9.87537E-08,40,5,Acropora hemprichii,1.03031E-06,3
ExGR_2,host_protein_cm2,-0.826641651,0,96.32535362,0.538957164,93.53084462,482.5783843,487.6450227,7.00873E-08,40,5,Acropora hemprichii,9.63897E-07,4
CIVE_norm,host_protein_cm2,0.818386492,5.3746E-09,102.5408166,0.538193168,93.60830777,482.6446137,487.711252,7.23742E-08,40,5,Acropora hemprichii,9.63897E-07,5
VEG,host_protein_cm2,-0.812195122,1.42717E-08,102.4453244,0.536871209,93.74219265,482.7589533,487.8255917,7.64997E-08,40,5,Acropora hemprichii,9.63897E-07,6
g_norm,host_protein_cm2,-0.806941839,2.29413E-08,105.2255865,0.52100542,95.33437351,484.1063173,489.1729557,1.47083E-07,40,5,Acropora hemprichii,1.03031E-06,7
ExG_2,host_protein_cm2,-0.806941839,2.29413E-08,105.2255865,0.52100542,95.33437351,484.1063173,489.1729557,1.47083E-07,40,5,Acropora hemprichii,1.03031E-06,8
VDVI,host_protein_cm2,-0.806941839,2.29413E-08,105.8952219,0.520987926,95.33611436,484.1077781,489.1744165,1.47187E-07,40,5,Acropora hemprichii,1.03031E-06,9
MGRVI,host_protein_cm2,-0.787054409,6.66817E-08,95.30317622,0.513385776,96.08965126,484.7376125,489.8042509,1.99853E-07,40,5,Acropora hemprichii,1.18256E-06,10
NGRI,host_protein_cm2,-0.787054409,6.66817E-08,96.63081793,0.510875577,96.33717162,484.9434221,490.0100604,2.20871E-07,40,5,Acropora hemprichii,1.18256E-06,11
NDI,host_protein_cm2,0.787054409,6.66817E-08,96.66341347,0.510381406,96.38582492,484.9838144,490.0504527,2.25249E-07,40,5,Acropora hemprichii,1.18256E-06,12
OSAVI,host_protein_cm2,-0.781613508,8.22915E-08,97.07134259,0.504212513,96.99112531,485.4846413,490.5512796,2.87332E-07,40,5,Acropora hemprichii,1.39246E-06,13
a_coral,host_protein_cm2,0.780675422,8.51755E-08,96.54086491,0.484465545,98.90381985,487.0469116,492.1135499,6.14544E-07,40,5,Acropora hemprichii,2.41977E-06,14
EVI_2,host_protein_cm2,-0.776172608,9.98937E-08,97.28754662,0.495164285,97.87217806,486.2080684,491.2747068,4.08506E-07,40,5,Acropora hemprichii,1.71573E-06,15
SAVI,host_protein_cm2,-0.776172608,9.98937E-08,97.64650662,0.495542946,97.83546573,486.1780544,491.2446927,4.02583E-07,40,5,Acropora hemprichii,1.71573E-06,16
g_minus_r,host_protein_cm2,-0.769230769,1.25831E-07,99.23738089,0.471531385,100.136825,488.0380827,493.1047211,9.96209E-07,40,5,Acropora hemprichii,3.69183E-06,17
G_index,host_protein_cm2,-0.767542214,1.32833E-07,99.71025762,0.448346111,102.3098762,489.7555795,494.8222178,2.30435E-06,40,5,Acropora hemprichii,7.97317E-06,18
L_coral,host_protein_cm2,-0.757035647,1.84213E-07,101.4766939,0.433208464,103.7040925,490.838409,495.9050474,3.9142E-06,40,5,Acropora hemprichii,1.23297E-05,19
R_plus_G,host_protein_cm2,-0.753470919,2.05458E-07,101.8730798,0.427895335,104.1890221,491.2116242,496.2782626,4.6994E-06,40,5,Acropora hemprichii,1.39701E-05,20
Grayscale_weight,host_protein_cm2,-0.752532833,2.11444E-07,101.8552097,0.424907828,104.4607033,491.4199591,496.4865975,5.20459E-06,40,5,Acropora hemprichii,1.4256E-05,21
DeltaE2000,host_protein_cm2,0.751782364,2.16362E-07,99.99253404,0.426802901,104.2884491,491.2879314,496.3545698,4.87846E-06,40,5,Acropora hemprichii,1.39701E-05,22
Grayscale_norm,host_protein_cm2,-0.748780488,2.37257E-07,103.8337941,0.404978667,106.2552716,492.7826364,497.8492748,1.01587E-05,40,5,Acropora hemprichii,2.2857E-05,23
DeltaE76,host_protein_cm2,0.746716698,2.52864E-07,101.7243646,0.422919596,104.6411203,491.5580102,496.6246485,5.56902E-06,40,5,Acropora hemprichii,1.46187E-05,24
ExR,host_protein_cm2,0.746341463,2.5582E-07,100.7126872,0.447143531,102.4213309,489.8426827,494.9093211,2.40461E-06,40,5,Acropora hemprichii,7.97317E-06,25
V_hsv,host_protein_cm2,-0.743527205,2.79242E-07,104.3346024,0.402208376,106.5023351,492.9684355,498.0350739,1.11301E-05,40,5,Acropora hemprichii,2.29198E-05,26
R_index,host_protein_cm2,-0.743527205,2.79242E-07,104.3346024,0.402208376,106.5023351,492.9684355,498.0350739,1.11301E-05,40,5,Acropora hemprichii,2.29198E-05,27
F_PC1,host_protein_cm2,-0.740712946,3.05095E-07,103.6891638,0.40180688,106.5380944,492.9952918,498.0619302,1.1278E-05,40,5,Acropora hemprichii,2.29198E-05,28
int,host_protein_cm2,-0.740712946,3.05095E-07,103.952461,0.398043735,106.8726767,493.2461378,498.3127761,1.27586E-05,40,5,Acropora hemprichii,2.51185E-05,29
Distance,host_protein_cm2,0.738461538,3.27753E-07,104.2951481,0.393434872,107.2810305,493.5512303,498.6178686,1.4825E-05,40,5,Acropora hemprichii,2.74699E-05,30
D_toWhite,host_protein_cm2,0.72532833,5.06799E-07,102.1135174,0.416181725,105.2502316,492.0223365,497.0889749,6.99346E-06,40,5,Acropora hemprichii,1.69457E-05,31
H_hsv,host_protein_cm2,-0.724765478,5.16752E-07,124.2701935,0.080203534,132.1082944,510.2048425,515.2714809,0.076596573,40,5,Acropora hemprichii,0.094619296,32
GLI2,host_protein_cm2,-0.723452158,5.40881E-07,103.5566275,0.40632923,106.1346154,492.6917423,497.7583806,9.71495E-06,40,5,Acropora hemprichii,2.26682E-05,33
D_toWhite_RGB,host_protein_cm2,0.722326454,5.6262E-07,104.1126785,0.393738648,107.2541633,493.5311927,498.5978311,1.46796E-05,40,5,Acropora hemprichii,2.74699E-05,34
R_plus_B,host_protein_cm2,-0.718574109,6.42822E-07,106.2586361,0.369250223,109.3988534,495.1151154,500.1817538,3.20519E-05,40,5,Acropora hemprichii,5.76934E-05,35
CIVE_raw,host_protein_cm2,0.717636023,6.64901E-07,107.9163699,0.419508395,104.9499386,491.7937596,496.8603979,6.25157E-06,40,5,Acropora hemprichii,1.5754E-05,36
r_norm,host_protein_cm2,0.692870544,1.71319E-06,106.588843,0.352172425,110.8699706,496.1837289,501.2503673,5.43735E-05,40,5,Acropora hemprichii,9.51537E-05,37
B_index,host_protein_cm2,-0.688180113,2.06674E-06,109.5084047,0.321341915,113.4774926,498.0434438,503.1100821,0.000136927,40,5,Acropora hemprichii,0.000227011,38
redness_index,host_protein_cm2,0.681050657,2.75479E-06,111.4232818,0.290999072,115.986547,499.7930195,504.8596578,0.000328186,40,5,Acropora hemprichii,0.000530147,39
r_minus_b,host_protein_cm2,0.616510319,3.3729E-05,112.7794273,0.249887968,119.3018788,502.0476489,507.1142872,0.001022223,40,5,Acropora hemprichii,0.001570734,40
RGBVI,host_protein_cm2,-0.597373358,6.59199E-05,121.5006037,0.336794746,112.1781301,497.1221271,502.1887654,8.65964E-05,40,5,Acropora hemprichii,0.000147448,41
R_minus_G,host_protein_cm2,0.591932458,7.92144E-05,110.9549853,0.281002087,116.8013956,500.3530842,505.4197226,0.000434712,40,5,Acropora hemprichii,0.000684671,42
S_hsv,host_protein_cm2,0.562101313,0.000206074,114.4855882,0.22055389,121.6122334,503.5820881,508.6487264,0.002233077,40,5,Acropora hemprichii,0.003126307,43
NRBI,host_protein_cm2,0.562101313,0.000206074,115.0141939,0.211772934,122.2953345,504.0301941,509.0968325,0.00280987,40,5,Acropora hemprichii,0.003848301,44
KI,host_protein_cm2,-0.562101313,0.000206074,127.1868501,0.149467332,127.0368501,507.0732589,512.1398973,0.013729489,40,5,Acropora hemprichii,0.018019954,45
COM_norm,host_protein_cm2,-0.526266417,0.000584662,124.8403672,0.241993562,119.9280202,502.4664212,507.5330595,0.001264258,40,5,Acropora hemprichii,0.001896387,46
ExGR,host_protein_cm2,-0.526266417,0.000584662,125.2946421,0.237299947,120.2987475,502.7133396,507.7799779,0.00143338,40,5,Acropora hemprichii,0.002100068,47
ExG,host_protein_cm2,-0.520450281,0.00068562,125.8660906,0.231463466,120.7581569,503.0182701,508.0849084,0.00167423,40,5,Acropora hemprichii,0.002397193,48
b_norm,host_protein_cm2,-0.490243902,0.001505156,120.0705783,0.128873761,128.5655952,508.0302221,513.0968604,0.022913295,40,5,Acropora hemprichii,0.028870752,49
COM_raw,host_protein_cm2,-0.474108818,0.002230983,131.5593854,0.166918842,125.7268033,506.2439887,511.310627,0.008862118,40,5,Acropora hemprichii,0.01187901,50
WI,host_protein_cm2,-0.454596623,0.003509487,132.8495419,0.131592529,128.3648131,507.9051877,512.971826,0.021419507,40,5,Acropora hemprichii,0.027539366,51
hue_angle,host_protein_cm2,-0.454596623,0.003509487,142.0082573,0.071054996,132.7636608,510.6007275,515.6673659,0.096380583,40,5,Acropora hemprichii,0.114565598,52
G_minus_B,host_protein_cm2,-0.341838649,0.031412253,136.0218229,0.07554368,132.4425138,510.4069781,515.4736165,0.086083791,40,5,Acropora hemprichii,0.104293824,53
F_PC2,host_protein_cm2,-0.294746717,0.065200294,134.379139,0.070030675,132.836838,510.6448101,515.7114484,0.098905797,40,5,Acropora hemprichii,0.115390096,54
Chroma_coral,host_protein_cm2,0.256660413,0.109863089,126.0202072,0.051826213,134.1306995,511.4202582,516.4868966,0.157720084,40,5,Acropora hemprichii,0.180661187,55
b_coral,host_protein_cm2,-0.133020638,0.411835001,135.7868094,0.005097623,137.3961146,513.3445308,518.4111691,0.661532079,40,5,Acropora hemprichii,0.731167034,56
ExB,host_protein_cm2,-0.122326454,0.450694938,130.5973643,0.008117565,137.187429,513.2229295,518.2895679,0.580342748,40,5,Acropora hemprichii,0.652885591,57
NGBI,host_protein_cm2,0.084803002,0.601703311,132.3771118,0.002119684,137.6015878,513.4640798,518.5307182,0.777867683,40,5,Acropora hemprichii,0.82476852,58
IPCA,host_protein_cm2,-0.063227017,0.697441236,133.9300639,0.00294047,137.5449854,513.4311651,518.4978035,0.739643478,40,5,Acropora hemprichii,0.803405847,59
R_minus_B,host_protein_cm2,-0.048405253,0.766151581,133.6609966,0.00021498,137.7328487,513.5403571,518.6069954,0.928449295,40,5,Acropora hemprichii,0.928449295,60
chroma_index,host_protein_cm2,0.02945591,0.856596648,131.8007842,0.001060548,137.6745926,513.5065127,518.5731511,0.841881451,40,5,Acropora hemprichii,0.869484122,61
g_minus_b,host_protein_cm2,0.022138837,0.892085326,134.1204119,0.000435238,137.7176762,513.5315439,518.5981822,0.898327119,40,5,Acropora hemprichii,0.912816266,62
WI_old,host_protein_cm2,-0.020450281,0.900307505,134.8587546,0.001973197,137.6116873,513.4699513,518.5365897,0.785493828,40,5,Acropora hemprichii,0.82476852,63
DeltaE2000,total_chl_cm2,0.879174484,0,0.715189442,0.694752864,0.674747115,88.04169843,93.1083368,2.46606E-11,40,5,Acropora hemprichii,6.75487E-11,1
Grayscale_weight,total_chl_cm2,-0.874108818,0,0.671624412,0.728321159,0.636565569,83.38165459,88.44829296,2.6371E-12,40,5,Acropora hemprichii,2.5131E-11,2
G_index,total_chl_cm2,-0.871294559,0,0.670619232,0.73015035,0.634418979,83.11142724,88.1780656,2.31671E-12,40,5,Acropora hemprichii,2.5131E-11,3
L_coral,total_chl_cm2,-0.871106942,0,0.659436805,0.737891839,0.625252604,81.94711904,87.0137574,1.32601E-12,40,5,Acropora hemprichii,2.18924E-11,4
R_plus_G,total_chl_cm2,-0.871106942,0,0.663342915,0.737246598,0.626021734,82.04546752,87.11210589,1.38999E-12,40,5,Acropora hemprichii,2.18924E-11,5
F_PC1,total_chl_cm2,-0.869043152,0,0.686166166,0.714729104,0.652294881,85.33439878,90.40103714,6.72631E-12,40,5,Acropora hemprichii,3.85113E-11,6
int,total_chl_cm2,-0.867917448,0,0.690868359,0.710295522,0.657344209,85.95128365,91.01792201,9.04262E-12,40,5,Acropora hemprichii,4.06918E-11,7
R_index,total_chl_cm2,-0.866604128,0,0.664499978,0.737465512,0.625760893,82.01212739,87.07876575,1.36796E-12,40,5,Acropora hemprichii,2.18924E-11,8
V_hsv,total_chl_cm2,-0.866604128,0,0.664499978,0.737465512,0.625760893,82.01212739,87.07876575,1.36796E-12,40,5,Acropora hemprichii,2.18924E-11,9
Distance,total_chl_cm2,0.865853659,0,0.698275531,0.704468343,0.663922278,86.74786766,91.81450602,1.32523E-11,40,5,Acropora hemprichii,4.17446E-11,10
Grayscale_norm,total_chl_cm2,-0.864727955,0,0.675088771,0.727509519,0.63751573,83.5009764,88.56761476,2.79233E-12,40,5,Acropora hemprichii,2.5131E-11,11
D_toWhite_RGB,total_chl_cm2,0.862851782,0,0.691424563,0.707975848,0.659970652,86.27028968,91.33692804,1.05382E-11,40,5,Acropora hemprichii,4.1494E-11,12
DeltaE76,total_chl_cm2,0.861726079,0,0.680432035,0.717805531,0.648768098,84.90068681,89.96732517,5.46306E-12,40,5,Acropora hemprichii,3.85113E-11,13
R_plus_B,total_chl_cm2,-0.861726079,0,0.711936458,0.692967223,0.676717812,88.27500952,93.34164788,2.75838E-11,40,5,Acropora hemprichii,6.97468E-11,14
D_toWhite,total_chl_cm2,0.861163227,0,0.677616057,0.717691414,0.648899263,84.91685917,89.98349753,5.5056E-12,40,5,Acropora hemprichii,3.85113E-11,15
ChOL,total_chl_cm2,-0.843339587,0,0.735047815,0.695312391,0.674128415,87.96830991,93.03494827,2.38069E-11,40,5,Acropora hemprichii,6.75487E-11,16
NGRI,total_chl_cm2,-0.840150094,0,0.656304172,0.713627365,0.653553275,85.48858446,90.55522283,7.24263E-12,40,5,Acropora hemprichii,3.85113E-11,17
NDI,total_chl_cm2,0.840150094,0,0.656494143,0.713437164,0.653770275,85.51514261,90.58178097,7.33549E-12,40,5,Acropora hemprichii,3.85113E-11,18
MGRVI,total_chl_cm2,-0.840150094,0,0.667295389,0.709094674,0.658705172,86.11674414,91.1833825,9.78971E-12,40,5,Acropora hemprichii,4.11168E-11,19
OSAVI,total_chl_cm2,-0.838649156,0,0.65914108,0.710889568,0.656669913,85.86917845,90.93581681,8.69336E-12,40,5,Acropora hemprichii,4.06918E-11,20
SAVI,total_chl_cm2,-0.835272045,0,0.663658403,0.706807461,0.661289602,86.43001007,91.49664843,1.13775E-11,40,5,Acropora hemprichii,4.17446E-11,21
EVI_2,total_chl_cm2,-0.835272045,0,0.66718942,0.705119473,0.663190481,86.65964039,91.72627875,1.27029E-11,40,5,Acropora hemprichii,4.17446E-11,22
g_minus_r,total_chl_cm2,-0.829268293,0,0.680218633,0.692913143,0.676777407,88.28205435,93.34869271,2.76773E-11,40,5,Acropora hemprichii,6.97468E-11,23
ExR,total_chl_cm2,0.827954972,0,0.697961588,0.678390921,0.692595056,90.13029983,95.19693819,6.72479E-11,40,5,Acropora hemprichii,1.62947E-10,24
VARI,total_chl_cm2,-0.816135084,8.4512E-09,0.678636799,0.706034382,0.66216086,86.53534177,91.60198013,1.19674E-11,40,5,Acropora hemprichii,4.17446E-11,25
B_index,total_chl_cm2,-0.81575985,8.98133E-09,0.790770599,0.617207738,0.75560846,97.09652694,102.1631653,1.92208E-09,40,5,Acropora hemprichii,4.32469E-09,26
GLI2,total_chl_cm2,-0.811444653,1.54453E-08,0.730048524,0.651759133,0.720700968,93.31260471,98.37924307,3.10623E-10,40,5,Acropora hemprichii,7.24788E-10,27
ExGR_2,total_chl_cm2,-0.808818011,1.97218E-08,0.674946083,0.702910031,0.665670378,86.9582299,92.02486826,1.466E-11,40,5,Acropora hemprichii,4.398E-11,28
r_norm,total_chl_cm2,0.778236398,9.29619E-08,0.792492506,0.600280812,0.772134105,98.82732001,103.8939584,4.4299E-09,40,5,Acropora hemprichii,9.62358E-09,29
redness_index,total_chl_cm2,0.772795497,1.11975E-07,0.868578924,0.532328698,0.8351906,105.1074573,110.1740957,9.24459E-08,40,5,Acropora hemprichii,1.6178E-07,30
EVI,total_chl_cm2,-0.732082552,4.03359E-07,0.819938316,0.589842093,0.782151318,99.85851819,104.9251566,7.2884E-09,40,5,Acropora hemprichii,1.48119E-08,31
r_minus_b,total_chl_cm2,0.721013133,5.89287E-07,0.909260505,0.490260528,0.871945558,108.5528194,113.6194578,4.93093E-07,40,5,Acropora hemprichii,8.39591E-07,32
H_hsv,total_chl_cm2,-0.699249531,1.33143E-06,1.125385608,0.198174582,1.093591553,126.6724652,131.7391036,0.003996993,40,5,Acropora hemprichii,0.00559579,33
VEG,total_chl_cm2,-0.698499062,1.3712E-06,0.824083506,0.579613656,0.79184383,100.8437953,105.9104337,1.17323E-08,40,5,Acropora hemprichii,2.3098E-08,34
CIVE_norm,total_chl_cm2,0.698311445,1.38134E-06,0.800505737,0.597195241,0.775108561,99.13490819,104.2015466,5.139E-09,40,5,Acropora hemprichii,1.07919E-08,35
S_hsv,total_chl_cm2,0.686116323,2.24555E-06,0.940467582,0.453381578,0.902936833,111.3468682,116.4135066,1.92617E-06,40,5,Acropora hemprichii,3.19339E-06,36
NRBI,total_chl_cm2,0.686116323,2.24555E-06,0.959664255,0.437769231,0.915740753,112.4733247,117.539963,3.34142E-06,40,5,Acropora hemprichii,5.39768E-06,37
KI,total_chl_cm2,-0.686116323,2.24555E-06,1.139934834,0.342590678,0.990223357,118.7291028,123.7957412,7.27469E-05,40,5,Acropora hemprichii,0.000111782,38
VDVI,total_chl_cm2,-0.681050657,2.75479E-06,0.842938685,0.556422405,0.813392265,102.991739,108.0583774,3.31612E-08,40,5,Acropora hemprichii,6.33078E-08,39
g_norm,total_chl_cm2,-0.681050657,2.75479E-06,0.84806036,0.553466292,0.81609809,103.2574248,108.3240632,3.77138E-08,40,5,Acropora hemprichii,6.78848E-08,40
ExG_2,total_chl_cm2,-0.681050657,2.75479E-06,0.84806036,0.553466292,0.81609809,103.2574248,108.3240632,3.77138E-08,40,5,Acropora hemprichii,6.78848E-08,41
b_norm,total_chl_cm2,-0.611257036,4.06924E-05,1.053529267,0.32845847,1.00081009,119.5798636,124.646502,0.000111006,40,5,Acropora hemprichii,0.000166508,42
a_coral,total_chl_cm2,0.573358349,0.000145093,1.048890037,0.351339544,0.983612295,118.1932051,123.2598435,5.57754E-05,40,5,Acropora hemprichii,8.78463E-05,43
CIVE_raw,total_chl_cm2,0.508442777,0.000944779,1.100781855,0.303152116,1.019492957,121.0595149,126.1261533,0.000232145,40,5,Acropora hemprichii,0.000340119,44
RGBVI,total_chl_cm2,-0.435459662,0.005348383,1.149774573,0.268406151,1.044600573,123.0058495,128.0724879,0.00061667,40,5,Acropora hemprichii,0.000882959,45
R_minus_G,total_chl_cm2,0.361538462,0.022459045,1.198794116,0.140468783,1.132259737,129.4523149,134.5189533,0.017181256,40,5,Acropora hemprichii,0.023530851,46
ExB,total_chl_cm2,-0.319136961,0.045217773,1.238788149,0.091004114,1.164383911,131.6904519,136.7570903,0.058523219,40,5,Acropora hemprichii,0.075244138,47
Chroma_coral,total_chl_cm2,0.301688555,0.05890398,1.276978321,0.072218921,1.17635389,132.5086611,137.5752995,0.093592912,40,5,Acropora hemprichii,0.115614774,48
NGBI,total_chl_cm2,0.282363977,0.077757343,1.260672395,0.06079808,1.183572111,132.9980489,138.0646873,0.12507807,40,5,Acropora hemprichii,0.151536892,49
COM_norm,total_chl_cm2,-0.244277674,0.128565401,1.294814714,0.096999492,1.16053765,131.4257538,136.4923922,0.050433738,40,5,Acropora hemprichii,0.06760267,50
ExGR,total_chl_cm2,-0.244277674,0.128565401,1.298428484,0.092689859,1.163303728,131.6162025,136.6828409,0.056123824,40,5,Acropora hemprichii,0.073662519,51
ExG,total_chl_cm2,-0.236585366,0.141334788,1.302697985,0.087620534,1.166549008,131.8390686,136.9057069,0.063659607,40,5,Acropora hemprichii,0.080211105,52
g_minus_b,total_chl_cm2,0.227954972,0.156760294,1.285970129,0.032842193,1.201057801,134.1712962,139.2379345,0.263091179,40,5,Acropora hemprichii,0.295977577,53
WI,total_chl_cm2,-0.211444653,0.189656222,1.343855316,0.042099868,1.195295691,133.7865702,138.8532086,0.20404802,40,5,Acropora hemprichii,0.238056023,54
hue_angle,total_chl_cm2,-0.211444653,0.189656222,1.407264353,0.00808997,1.216329887,135.1821255,140.2487638,0.580989634,40,5,Acropora hemprichii,0.620378761,55
WI_old,total_chl_cm2,0.191744841,0.235021289,1.29443274,0.026682404,1.204876474,134.4252467,139.4918851,0.313874385,40,5,Acropora hemprichii,0.346913794,56
COM_raw,total_chl_cm2,-0.190243902,0.238759414,1.342125183,0.039284693,1.197050831,133.9039539,138.9705923,0.220195918,40,5,Acropora hemprichii,0.252224415,57
F_PC2,total_chl_cm2,-0.172795497,0.285207709,1.319071709,0.049651188,1.19057499,133.4699927,138.5366311,0.166962164,40,5,Acropora hemprichii,0.198464459,58
G_minus_B,total_chl_cm2,-0.14108818,0.383841773,1.356016104,0.021137702,1.208303513,134.6524683,139.7191066,0.370719452,40,5,Acropora hemprichii,0.402678026,59
chroma_index,total_chl_cm2,0.079737336,0.623664581,1.323253123,0.001613777,1.220294143,135.4424371,140.5090755,0.805595674,40,5,Acropora hemprichii,0.832008647,60
R_minus_B,total_chl_cm2,0.044840525,0.782970102,1.340657239,0.001119919,1.220595919,135.4622185,140.5288568,0.837573464,40,5,Acropora hemprichii,0.851082713,61
IPCA,total_chl_cm2,0.027954972,0.863855823,1.325261856,0.000493412,1.220978644,135.487299,140.5539373,0.891782999,40,5,Acropora hemprichii,0.891782999,62
b_coral,total_chl_cm2,0.024202627,0.882051352,1.345194758,0.002778802,1.21958195,135.3957336,140.4623719,0.74665925,40,5,Acropora hemprichii,0.783992212,63
VEG,FvFm,0.782045272,4.13645E-09,0.078298026,0.628562455,0.077382425,-82.92445076,-77.93376582,1.78755E-09,39,5,Stylophora pistillata,8.04397E-09,1
ExB,FvFm,-0.766339517,1.29618E-08,0.07277255,0.687650206,0.070961052,-89.68147529,-84.69079035,6.95277E-11,39,5,Stylophora pistillata,1.09506E-09,2
RGBVI,FvFm,0.76542757,1.3813E-08,0.071478068,0.69303393,0.070346844,-90.35954782,-85.36886288,5.02219E-11,39,5,Stylophora pistillata,1.09506E-09,3
NGBI,FvFm,0.764515623,1.47159E-08,0.072122361,0.689665818,0.070731724,-89.93396027,-84.94327534,6.1596E-11,39,5,Stylophora pistillata,1.09506E-09,4
VDVI,FvFm,0.760766508,1.90357E-08,0.076918223,0.658426065,0.074206474,-86.19329738,-81.20261244,3.71119E-10,39,5,Stylophora pistillata,2.52159E-09,5
g_norm,FvFm,0.760766508,1.90357E-08,0.077292026,0.655297434,0.074545545,-85.83770468,-80.84701974,4.40278E-10,39,5,Stylophora pistillata,2.52159E-09,6
ExG_2,FvFm,0.760766508,1.90357E-08,0.077292026,0.655297434,0.074545545,-85.83770468,-80.84701974,4.40278E-10,39,5,Stylophora pistillata,2.52159E-09,7
WI_old,FvFm,0.760057215,1.99751E-08,0.073663791,0.683851143,0.071391292,-89.20998578,-84.21930084,8.71782E-11,39,5,Stylophora pistillata,1.09844E-09,8
g_minus_b,FvFm,0.757220047,2.41803E-08,0.072477798,0.690616835,0.070623262,-90.05365893,-85.06297399,5.81587E-11,39,5,Stylophora pistillata,1.09506E-09,9
b_norm,FvFm,-0.757220047,2.41803E-08,0.07393634,0.676215272,0.072248297,-88.27922336,-83.28853842,1.36276E-10,39,5,Stylophora pistillata,1.4309E-09,10
NRBI,FvFm,0.755598808,2.69386E-08,0.074338249,0.671432205,0.07277998,-87.70731492,-82.71662998,1.79337E-10,39,5,Stylophora pistillata,1.61403E-09,11
S_hsv,FvFm,0.755598808,2.69386E-08,0.077369668,0.648741638,0.075251086,-85.10294037,-80.11225543,6.26786E-10,39,5,Stylophora pistillata,3.29063E-09,12
KI,FvFm,-0.755598808,2.69386E-08,0.092431391,0.524936585,0.087513535,-73.32781571,-68.33713077,1.84153E-07,39,5,Stylophora pistillata,4.64066E-07,13
r_norm,FvFm,0.751039072,3.63418E-08,0.077281148,0.643323658,0.075829219,-84.50597758,-79.51529264,8.35191E-10,39,5,Stylophora pistillata,4.04746E-09,14
r_minus_b,FvFm,0.749316506,4.06267E-08,0.075278703,0.663101937,0.07369681,-86.73086384,-81.74017891,2.86645E-10,39,5,Stylophora pistillata,2.25733E-09,15
redness_index,FvFm,0.746175355,4.96697E-08,0.080028676,0.613763295,0.078908939,-81.40073355,-76.41004862,3.72337E-09,39,5,Stylophora pistillata,1.46608E-08,16
CIVE_norm,FvFm,-0.737055884,8.76004E-08,0.082092685,0.609717046,0.079321191,-80.99429144,-76.0036065,4.5289E-09,39,5,Stylophora pistillata,1.67836E-08,17
GLI2,FvFm,-0.7356373,9.54852E-08,0.079431233,0.621968277,0.078066293,-82.23815288,-77.24746794,2.48747E-09,39,5,Stylophora pistillata,1.04474E-08,18
B_index,FvFm,-0.723376678,1.96734E-07,0.082444289,0.584337759,0.081859619,-78.53725201,-73.54656707,1.48138E-08,39,5,Stylophora pistillata,4.91196E-08,19
ExR,FvFm,0.722262076,2.09701E-07,0.081906546,0.596372792,0.080665838,-79.68312313,-74.69243819,8.52185E-09,39,5,Stylophora pistillata,2.98265E-08,20
g_minus_r,FvFm,-0.712433313,3.63451E-07,0.084599941,0.568410779,0.08341319,-77.07080331,-72.08011838,3.00803E-08,39,5,Stylophora pistillata,9.47529E-08,21
OSAVI,FvFm,-0.692573133,1.03376E-06,0.088559341,0.52526839,0.087482968,-73.35506452,-68.36437959,1.81736E-07,39,5,Stylophora pistillata,4.64066E-07,22
NDI,FvFm,0.692573133,1.03376E-06,0.089426073,0.515643802,0.088365322,-72.57229669,-67.58161175,2.65679E-07,39,5,Stylophora pistillata,6.39466E-07,23
NGRI,FvFm,-0.692573133,1.03376E-06,0.089497445,0.514848719,0.088437819,-72.50832971,-67.51764477,2.74057E-07,39,5,Stylophora pistillata,6.39466E-07,24
MGRVI,FvFm,-0.692573133,1.03376E-06,0.089547669,0.513896519,0.088524565,-72.43185996,-67.44117503,2.8442E-07,39,5,Stylophora pistillata,6.39945E-07,25
EVI_2,FvFm,-0.691965168,1.06598E-06,0.087277279,0.539226706,0.086187262,-74.51895953,-69.52827459,1.03387E-07,39,5,Stylophora pistillata,2.96064E-07,26
SAVI,FvFm,-0.691965168,1.06598E-06,0.087411327,0.537923558,0.086309052,-74.40881631,-69.41813137,1.09053E-07,39,5,Stylophora pistillata,2.98711E-07,27
COM_raw,FvFm,0.683757644,1.60191E-06,0.087216701,0.558596042,0.084356304,-76.19384144,-71.2031565,4.59635E-08,39,5,Stylophora pistillata,1.3789E-07,28
D_toWhite,FvFm,0.67757667,2.15858E-06,0.089068169,0.499693378,0.089808524,-71.30867443,-66.3179895,4.90774E-07,39,5,Stylophora pistillata,1.03063E-06,29
D_toWhite_RGB,FvFm,0.668355872,3.325E-06,0.093362468,0.45217409,0.093976814,-67.76995483,-62.77926989,2.75119E-06,39,5,Stylophora pistillata,4.68446E-06,30
R_plus_B,FvFm,-0.668153217,3.35616E-06,0.092100919,0.458745215,0.093411492,-68.24058475,-63.24989981,2.18646E-06,39,5,Stylophora pistillata,3.82631E-06,31
DeltaE76,FvFm,0.654068701,6.30944E-06,0.091348976,0.473633632,0.092117788,-69.32839742,-64.33771248,1.28641E-06,39,5,Stylophora pistillata,2.45587E-06,32
int,FvFm,-0.653866046,6.3655E-06,0.094738637,0.430565692,0.095812296,-66.26120582,-61.27052088,5.75299E-06,39,5,Stylophora pistillata,8.62949E-06,33
ExG,FvFm,0.650218258,7.45585E-06,0.092214064,0.500280265,0.089755834,-71.35445042,-66.36376548,4.79977E-07,39,5,Stylophora pistillata,1.03063E-06,34
COM_norm,FvFm,0.650218258,7.45585E-06,0.092363432,0.498180501,0.089944208,-71.19092031,-66.20023537,5.19683E-07,39,5,Stylophora pistillata,1.05613E-06,35
F_PC1,FvFm,-0.649407638,7.72027E-06,0.09626636,0.414613932,0.097145039,-65.18370799,-60.19302305,9.75456E-06,39,5,Stylophora pistillata,1.39668E-05,36
Distance,FvFm,0.647482417,8.38305E-06,0.094783774,0.431516831,0.095732244,-66.32640285,-61.33571791,5.57228E-06,39,5,Stylophora pistillata,8.56228E-06,37
ExGR,FvFm,0.647178434,8.49233E-06,0.092703322,0.494718925,0.090253894,-70.92281992,-65.93213498,5.92031E-07,39,5,Stylophora pistillata,1.16556E-06,38
VARI,FvFm,-0.626710289,1.96829E-05,0.103110174,0.359140983,0.101643751,-61.65272929,-56.66204435,5.55016E-05,39,5,Stylophora pistillata,7.28459E-05,39
DeltaE2000,FvFm,0.617286836,2.84157E-05,0.098554275,0.387133548,0.099399079,-63.39456439,-58.40387945,2.34992E-05,39,5,Stylophora pistillata,3.28989E-05,40
Grayscale_weight,FvFm,-0.608876657,3.9047E-05,0.100817281,0.367911019,0.100945867,-62.19012251,-57.19943757,4.25574E-05,39,5,Stylophora pistillata,5.70574E-05,41
G_index,FvFm,-0.608674003,3.93428E-05,0.100815753,0.36790392,0.100946434,-62.18968449,-57.19899956,4.25666E-05,39,5,Stylophora pistillata,5.70574E-05,42
L_coral,FvFm,-0.5920563,7.18078E-05,0.103517396,0.342885829,0.102924757,-60.67584601,-55.68516107,9.00318E-05,39,5,Stylophora pistillata,0.000109077,43
Chroma_coral,FvFm,0.586179308,8.81421E-05,0.098710521,0.446274359,0.094481494,-67.35219548,-62.36151055,3.37404E-06,39,5,Stylophora pistillata,5.45037E-06,44
hue_angle,FvFm,0.584760724,9.25577E-05,0.095927383,0.459812006,0.093319391,-68.31752797,-63.32684303,2.10589E-06,39,5,Stylophora pistillata,3.82631E-06,45
H_hsv,FvFm,0.584760724,9.25577E-05,0.096000907,0.459069322,0.09338352,-68.26394524,-63.2732603,2.16168E-06,39,5,Stylophora pistillata,3.82631E-06,46
WI,FvFm,0.584760724,9.25577E-05,0.097936718,0.4400759,0.09500884,-66.91805114,-61.9273662,4.17175E-06,39,5,Stylophora pistillata,6.57051E-06,47
b_coral,FvFm,0.580200989,0.00010814,0.098657868,0.447520807,0.094375094,-67.44008432,-62.44939938,3.23221E-06,39,5,Stylophora pistillata,5.35866E-06,48
G_minus_B,FvFm,0.572500102,0.000139912,0.101155688,0.420794951,0.096630806,-65.59769368,-60.60700874,7.96249E-06,39,5,Stylophora pistillata,1.1666E-05,49
R_plus_G,FvFm,-0.546154965,0.000322364,0.10699158,0.304492009,0.105888914,-58.46124191,-53.47055697,0.00027108,39,5,Stylophora pistillata,0.00031626,50
chroma_index,FvFm,0.543317796,0.000351247,0.106744722,0.357748791,0.101754096,-61.56809824,-56.5774133,5.7874E-05,39,5,Stylophora pistillata,7.44095E-05,51
IPCA,FvFm,0.537846114,0.000413576,0.107159557,0.352933313,0.10213485,-61.27677435,-56.28608941,6.68482E-05,39,5,Stylophora pistillata,8.42288E-05,52
R_minus_B,FvFm,0.534198326,0.00046045,0.107265237,0.351674121,0.102234179,-61.20095413,-56.2102692,6.94052E-05,39,5,Stylophora pistillata,8.57359E-05,53
Grayscale_norm,FvFm,-0.521633722,0.000660418,0.108867519,0.282649793,0.107538766,-57.25529738,-52.26461244,0.000495984,39,5,Stylophora pistillata,0.000568127,54
F_PC2,FvFm,0.51332487,0.000832006,0.110548675,0.312299908,0.105292873,-58.90153904,-53.9108541,0.000217583,39,5,Stylophora pistillata,0.000258637,55
a_coral,FvFm,0.495997876,0.001322251,0.111886118,0.279057406,0.107807699,-57.06047838,-52.06979344,0.000546997,39,5,Stylophora pistillata,0.000615371,56
V_hsv,FvFm,-0.478265572,0.002073015,0.112989695,0.238388978,0.110806706,-54.92029717,-49.92961223,0.001614032,39,5,Stylophora pistillata,0.001753172,57
R_index,FvFm,-0.478265572,0.002073015,0.112989695,0.238388978,0.110806706,-54.92029717,-49.92961223,0.001614032,39,5,Stylophora pistillata,0.001753172,58
ExGR_2,FvFm,-0.472489907,0.002387839,0.120845936,0.179645884,0.115000602,-52.0225917,-47.03190676,0.00716948,39,5,Stylophora pistillata,0.007404545,59
R_minus_G,FvFm,0.412605383,0.009045531,0.120138698,0.185684081,0.114576591,-52.31071192,-47.32002698,0.006170548,39,5,Stylophora pistillata,0.006479076,60
ChOL,FvFm,-0.40480317,0.010581968,0.121115123,0.159946369,0.11637319,-51.09713571,-46.10645077,0.011649616,39,5,Stylophora pistillata,0.011837513,61
EVI,FvFm,-0.380889891,0.016746811,0.121465207,0.154135096,0.116775016,-50.82827273,-45.8375878,0.013429144,39,5,Stylophora pistillata,0.013429144,62
CIVE_raw,FvFm,-0.379572634,0.01715982,0.118945276,0.193711937,0.114010421,-52.69709743,-47.7064125,0.005049471,39,5,Stylophora pistillata,0.005391808,63
DeltaE76,cells_cm2,0.722469636,7.48103E-07,0.151376561,0.524969356,0.150495405,-31.04096696,-26.05028203,1.83913E-07,39,5,Stylophora pistillata,1.23888E-06,1
D_toWhite,cells_cm2,0.717611336,8.89167E-07,0.15397868,0.508655567,0.153057793,-29.72409066,-24.73340572,3.48454E-07,39,5,Stylophora pistillata,1.74796E-06,2
MGRVI,cells_cm2,-0.714979757,9.78454E-07,0.149082074,0.534360294,0.149000399,-31.81968557,-26.82900063,1.26088E-07,39,5,Stylophora pistillata,1.21138E-06,3
OSAVI,cells_cm2,-0.714979757,9.78454E-07,0.149217251,0.533694874,0.149106825,-31.76399261,-26.77330767,1.29538E-07,39,5,Stylophora pistillata,1.21138E-06,4
NDI,cells_cm2,0.714979757,9.78454E-07,0.149297804,0.533931343,0.149069013,-31.78377502,-26.79309008,1.28302E-07,39,5,Stylophora pistillata,1.21138E-06,5
NGRI,cells_cm2,-0.714979757,9.78454E-07,0.149307555,0.53393386,0.149068611,-31.78398566,-26.79330072,1.28289E-07,39,5,Stylophora pistillata,1.21138E-06,6
EVI_2,cells_cm2,-0.713967611,1.01552E-06,0.149069979,0.532966674,0.149223205,-31.7031362,-26.71245126,1.33415E-07,39,5,Stylophora pistillata,1.21138E-06,7
SAVI,cells_cm2,-0.713967611,1.01552E-06,0.149226994,0.532748431,0.149258067,-31.68491592,-26.69423098,1.34598E-07,39,5,Stylophora pistillata,1.21138E-06,8
VARI,cells_cm2,-0.71194332,1.09455E-06,0.157303147,0.500369109,0.154343046,-29.07184563,-24.0811607,4.78362E-07,39,5,Stylophora pistillata,2.00912E-06,9
Distance,cells_cm2,0.709311741,1.20793E-06,0.158139147,0.488337629,0.156190339,-28.14382627,-23.15314133,7.51162E-07,39,5,Stylophora pistillata,2.78372E-06,10
D_toWhite_RGB,cells_cm2,0.697368421,1.91424E-06,0.160946408,0.471893556,0.158680354,-26.91014371,-21.91945877,1.36968E-06,39,5,Stylophora pistillata,4.10903E-06,11
g_minus_r,cells_cm2,-0.696963563,1.94493E-06,0.149949569,0.526615943,0.150234349,-31.17638659,-26.18570165,1.72224E-07,39,5,Stylophora pistillata,1.23888E-06,12
redness_index,cells_cm2,0.696356275,1.99194E-06,0.177434302,0.354060872,0.175492364,-19.05525474,-14.0645698,6.4635E-05,39,5,Stylophora pistillata,0.000107158,13
B_index,cells_cm2,-0.695546559,2.05651E-06,0.14633683,0.533374887,0.149157976,-31.73723933,-26.74655439,1.31228E-07,39,5,Stylophora pistillata,1.21138E-06,14
GLI2,cells_cm2,-0.693927126,2.19233E-06,0.149469229,0.517925399,0.151607104,-30.46690417,-25.47621924,2.42968E-07,39,5,Stylophora pistillata,1.39154E-06,15
ExR,cells_cm2,0.693724696,2.20995E-06,0.149605745,0.523284927,0.150761993,-30.90292004,-25.9122351,1.96647E-07,39,5,Stylophora pistillata,1.23888E-06,16
r_minus_b,cells_cm2,0.692712551,2.30034E-06,0.151703027,0.494733883,0.155211007,-28.63443532,-23.64375038,5.91698E-07,39,5,Stylophora pistillata,2.32981E-06,17
b_norm,cells_cm2,-0.688461538,2.72392E-06,0.153185131,0.481772153,0.157189235,-27.64657511,-22.65589017,9.56832E-07,39,5,Stylophora pistillata,3.17265E-06,18
R_plus_B,cells_cm2,-0.688259109,2.74599E-06,0.161094216,0.466066747,0.159553344,-26.48219768,-21.49151274,1.6874E-06,39,5,Stylophora pistillata,4.48611E-06,19
r_norm,cells_cm2,0.68805668,2.76825E-06,0.150423588,0.507759426,0.153197307,-29.65302516,-24.66234022,3.6069E-07,39,5,Stylophora pistillata,1.74796E-06,20
DeltaE2000,cells_cm2,0.686639676,2.92929E-06,0.163017909,0.464932057,0.159722792,-26.39940461,-21.40871967,1.75692E-06,39,5,Stylophora pistillata,4.48611E-06,21
S_hsv,cells_cm2,0.683805668,3.28057E-06,0.149071956,0.503243371,0.153898456,-29.29685146,-24.30616653,4.28818E-07,39,5,Stylophora pistillata,1.92968E-06,22
NRBI,cells_cm2,0.683805668,3.28057E-06,0.153259405,0.484312262,0.156803528,-27.83820476,-22.84751982,8.71613E-07,39,5,Stylophora pistillata,3.05065E-06,23
KI,cells_cm2,-0.683805668,3.28057E-06,0.155050106,0.472737669,0.158553488,-26.97253025,-21.98184531,1.32866E-06,39,5,Stylophora pistillata,4.10903E-06,24
ExB,cells_cm2,-0.683805668,3.28057E-06,0.155344178,0.464561518,0.159778087,-26.37240616,-21.38172123,1.7802E-06,39,5,Stylophora pistillata,4.48611E-06,25
WI_old,cells_cm2,0.682793522,3.41612E-06,0.15365358,0.4678437,0.159287623,-26.61220779,-21.62152285,1.58375E-06,39,5,Stylophora pistillata,4.48611E-06,26
g_minus_b,cells_cm2,0.681578947,3.58623E-06,0.15617633,0.458233242,0.160719512,-25.91417293,-20.92348799,2.22616E-06,39,5,Stylophora pistillata,5.39417E-06,27
F_PC1,cells_cm2,-0.681376518,3.6154E-06,0.165513412,0.444933492,0.16268029,-24.96833061,-19.97764568,3.53321E-06,39,5,Stylophora pistillata,7.70494E-06,28
NGBI,cells_cm2,0.680769231,3.70434E-06,0.159684494,0.444822392,0.16269657,-24.9605253,-19.96984036,3.54672E-06,39,5,Stylophora pistillata,7.70494E-06,29
int,cells_cm2,-0.677530364,4.2169E-06,0.163396993,0.455972074,0.161054559,-25.75173767,-20.76105274,2.40984E-06,39,5,Stylophora pistillata,5.62297E-06,30
RGBVI,cells_cm2,0.673684211,4.9175E-06,0.169395957,0.383162152,0.171493607,-20.8531192,-15.86243426,2.66033E-05,39,5,Stylophora pistillata,5.07882E-05,31
G_index,cells_cm2,-0.666396761,6.57123E-06,0.169139263,0.428587823,0.165058226,-23.83643907,-18.84575414,6.14679E-06,39,5,Stylophora pistillata,1.29083E-05,32
Grayscale_weight,cells_cm2,-0.648178138,1.33738E-05,0.170950979,0.416957088,0.166729592,-23.05058954,-18.0599046,9.0342E-06,39,5,Stylophora pistillata,1.83598E-05,33
L_coral,cells_cm2,-0.635425101,2.16283E-05,0.174303764,0.399795317,0.169165625,-21.91920165,-16.92851671,1.57439E-05,39,5,Stylophora pistillata,3.09957E-05,34
ExGR_2,cells_cm2,-0.632186235,2.43754E-05,0.182250685,0.378275202,0.172171603,-20.54535595,-15.55467101,3.09606E-05,39,5,Stylophora pistillata,5.73681E-05,35
a_coral,cells_cm2,0.613360324,4.78227E-05,0.181048315,0.350710484,0.175946901,-18.8534905,-13.86280556,7.14248E-05,39,5,Stylophora pistillata,0.000115379,36
VEG,cells_cm2,0.607894737,5.77629E-05,0.1869394,0.267532768,0.18687729,-14.15243467,-9.16174973,0.000746846,39,5,Stylophora pistillata,0.000980236,37
VDVI,cells_cm2,0.600202429,7.4962E-05,0.179551996,0.293790136,0.183497147,-15.5761747,-10.58548976,0.00036517,39,5,Stylophora pistillata,0.000523616,38
ExG_2,cells_cm2,0.600202429,7.4962E-05,0.179916369,0.292129181,0.183712807,-15.48455722,-10.49387228,0.000382323,39,5,Stylophora pistillata,0.000523616,39
g_norm,cells_cm2,0.600202429,7.4962E-05,0.179916369,0.292129181,0.183712807,-15.48455722,-10.49387228,0.000382323,39,5,Stylophora pistillata,0.000523616,40
EVI,cells_cm2,-0.598178138,8.02043E-05,0.181803571,0.372197934,0.173011032,-20.16598781,-15.17530287,3.73315E-05,39,5,Stylophora pistillata,6.71967E-05,41
R_plus_G,cells_cm2,-0.597368421,8.23931E-05,0.18047927,0.363518399,0.174202889,-19.63049538,-14.63981045,4.86316E-05,39,5,Stylophora pistillata,8.51053E-05,42
Grayscale_norm,cells_cm2,-0.576923077,0.000159188,0.180796905,0.358963552,0.174825101,-19.35239399,-14.36170905,5.57988E-05,39,5,Stylophora pistillata,9.50087E-05,43
Chroma_coral,cells_cm2,0.542105263,0.000447353,0.17814947,0.298468627,0.182888322,-15.83540106,-10.84471612,0.000320724,39,5,Stylophora pistillata,0.00050514,44
COM_raw,cells_cm2,0.539271255,0.000484393,0.182283731,0.257335337,0.188173649,-13.61322034,-8.622535401,0.000980602,39,5,Stylophora pistillata,0.001260773,45
CIVE_norm,cells_cm2,-0.536842105,0.000518304,0.188495854,0.232752746,0.191262619,-12.34320485,-7.352519915,0.001868571,39,5,Stylophora pistillata,0.002354399,46
b_coral,cells_cm2,0.533805668,0.000563677,0.179827838,0.287200345,0.184351284,-15.21394503,-10.22326009,0.000437884,39,5,Stylophora pistillata,0.000586951,47
V_hsv,cells_cm2,-0.526720648,0.00068366,0.192026199,0.293188175,0.183575335,-15.54294596,-10.55226102,0.000371299,39,5,Stylophora pistillata,0.000523616,48
R_index,cells_cm2,-0.526720648,0.00068366,0.192026199,0.293188175,0.183575335,-15.54294596,-10.55226102,0.000371299,39,5,Stylophora pistillata,0.000523616,49
G_minus_B,cells_cm2,0.491295547,0.001696234,0.189947754,0.227784747,0.191880842,-12.0914902,-7.100805264,0.002124632,39,5,Stylophora pistillata,0.002624545,50
ChOL,cells_cm2,-0.487449393,0.001862164,0.193426836,0.29250107,0.183664542,-15.50505172,-10.51436678,0.000378416,39,5,Stylophora pistillata,0.000523616,51
chroma_index,cells_cm2,0.486842105,0.001889636,0.191865799,0.220800954,0.192746559,-11.74036571,-6.74968077,0.002542459,39,5,Stylophora pistillata,0.003080287,52
IPCA,cells_cm2,0.482995951,0.002072105,0.192198422,0.219149862,0.192950662,-11.65781367,-6.66712873,0.002652255,39,5,Stylophora pistillata,0.003113788,53
R_minus_B,cells_cm2,0.478340081,0.002313693,0.192251985,0.218904433,0.192980983,-11.64555752,-6.654872584,0.002668961,39,5,Stylophora pistillata,0.003113788,54
ExG,cells_cm2,0.468623482,0.002899312,0.19353617,0.198532573,0.195481366,-10.64143138,-5.650746439,0.00447405,39,5,Stylophora pistillata,0.005124821,55
COM_norm,cells_cm2,0.468623482,0.002899312,0.194201651,0.195083227,0.19590157,-10.47394383,-5.483258887,0.004878865,39,5,Stylophora pistillata,0.005488723,56
ExGR,cells_cm2,0.466194332,0.003064678,0.194485049,0.193770714,0.196061225,-10.41040142,-5.419716477,0.005042041,39,5,Stylophora pistillata,0.005572782,57
R_minus_G,cells_cm2,0.465384615,0.003121613,0.201899703,0.16755672,0.199223127,-9.162521906,-4.171836968,0.009664193,39,5,Stylophora pistillata,0.010319392,58
F_PC2,cells_cm2,0.445951417,0.004797413,0.200710615,0.16816746,0.199150032,-9.191145568,-4.20046063,0.009520022,39,5,Stylophora pistillata,0.010319392,59
WI,cells_cm2,0.388461538,0.015083466,0.202818261,0.137709166,0.202763282,-7.788648576,-2.797963638,0.020029073,39,5,Stylophora pistillata,0.021030527,60
H_hsv,cells_cm2,0.388461538,0.015083466,0.20434097,0.1307331,0.203581823,-7.47440202,-2.483717081,0.023718064,39,5,Stylophora pistillata,0.024331387,61
hue_angle,cells_cm2,0.388461538,0.015083466,0.204429227,0.130339437,0.203627915,-7.456744169,-2.466059231,0.023945175,39,5,Stylophora pistillata,0.024331387,62
CIVE_raw,cells_cm2,-0.199797571,0.221835395,0.235604085,0.015082719,0.216701694,-2.603011582,2.387673356,0.456373267,39,5,Stylophora pistillata,0.456373267,63
VEG,host_protein_cm2,0.772672065,1.61892E-07,119.1037008,0.548580721,116.9797899,488.1132979,493.1039828,7.01893E-08,39,5,Stylophora pistillata,3.15852E-07,1
VDVI,host_protein_cm2,0.769433198,1.77883E-07,118.5266039,0.563383083,115.0458786,486.8130231,491.803708,3.74201E-08,39,5,Stylophora pistillata,2.38106E-07,2
g_norm,host_protein_cm2,0.769433198,1.77883E-07,118.8371559,0.560938892,115.3674438,487.0307371,492.021422,4.1574E-08,39,5,Stylophora pistillata,2.38106E-07,3
ExG_2,host_protein_cm2,0.769433198,1.77883E-07,118.8371559,0.560938892,115.3674438,487.0307371,492.021422,4.1574E-08,39,5,Stylophora pistillata,2.38106E-07,4
RGBVI,host_protein_cm2,0.768421053,1.8315E-07,112.2545191,0.60056057,110.0389031,483.3422551,488.33294,7.00389E-09,39,5,Stylophora pistillata,1.7987E-07,5
ExB,host_protein_cm2,-0.76437247,2.0566E-07,114.7672432,0.590043418,111.4781409,484.3558306,489.3465155,1.14203E-08,39,5,Stylophora pistillata,1.7987E-07,6
NGBI,host_protein_cm2,0.763765182,2.09252E-07,113.4364919,0.594978253,110.8051529,483.8835214,488.8742063,9.09312E-09,39,5,Stylophora pistillata,1.7987E-07,7
WI_old,host_protein_cm2,0.763360324,2.1168E-07,116.0599062,0.584434353,112.2381773,484.8858149,489.8764998,1.47492E-08,39,5,Stylophora pistillata,1.85508E-07,8
g_minus_b,host_protein_cm2,0.758299595,2.44513E-07,114.5031625,0.592521221,111.14074,484.119397,489.1100819,1.0189E-08,39,5,Stylophora pistillata,1.7987E-07,9
b_norm,host_protein_cm2,-0.757894737,2.47356E-07,115.8089762,0.580430729,112.7775414,485.2597486,490.2504335,1.76674E-08,39,5,Stylophora pistillata,1.85508E-07,10
NRBI,host_protein_cm2,0.753643725,2.79451E-07,116.0419521,0.576939745,113.2457465,485.5829016,490.5735866,2.06514E-08,39,5,Stylophora pistillata,1.85863E-07,11
S_hsv,host_protein_cm2,0.753643725,2.79451E-07,119.4680337,0.553934764,116.2840033,487.6479748,492.6386598,5.60375E-08,39,5,Stylophora pistillata,2.87586E-07,12
KI,host_protein_cm2,-0.753643725,2.79451E-07,132.3950342,0.446657696,129.5143001,496.052927,501.043612,3.3298E-06,39,5,Stylophora pistillata,8.3911E-06,13
CIVE_norm,host_protein_cm2,-0.744534413,3.65386E-07,123.3528371,0.521518149,120.4352229,490.3839446,495.3746296,2.10901E-07,39,5,Stylophora pistillata,7.81575E-07,14
r_norm,host_protein_cm2,0.742510121,3.88509E-07,118.8152693,0.552577782,116.4607437,487.7664372,492.7571222,5.93432E-08,39,5,Stylophora pistillata,2.87586E-07,15
redness_index,host_protein_cm2,0.737854251,4.48763E-07,118.6324271,0.539340053,118.1710277,488.9035766,493.8942616,1.02908E-07,39,5,Stylophora pistillata,4.32214E-07,16
r_minus_b,host_protein_cm2,0.737246964,4.57436E-07,117.0130501,0.569348662,114.2572287,486.2764849,491.2671698,2.88719E-08,39,5,Stylophora pistillata,2.27366E-07,17
GLI2,host_protein_cm2,-0.730161943,5.75424E-07,120.8016262,0.534167452,118.8326277,489.3390546,494.3297396,1.27079E-07,39,5,Stylophora pistillata,5.00373E-07,18
ExR,host_protein_cm2,0.71194332,1.09455E-06,122.9886895,0.512633261,121.5482552,491.1014906,496.0921755,2.98744E-07,39,5,Stylophora pistillata,1.0456E-06,19
COM_raw,host_protein_cm2,0.706882591,1.32436E-06,127.9522306,0.485070328,124.9380561,493.2470145,498.2376995,8.47611E-07,39,5,Stylophora pistillata,2.66998E-06,20
g_minus_r,host_protein_cm2,-0.696761134,1.96047E-06,125.4172558,0.488792915,124.4856289,492.9640473,497.9547323,7.38581E-07,39,5,Stylophora pistillata,2.44898E-06,21
B_index,host_protein_cm2,-0.692105263,2.35641E-06,129.7580392,0.458457199,128.1259737,495.2122937,500.2029786,2.20871E-06,39,5,Stylophora pistillata,6.04996E-06,22
OSAVI,host_protein_cm2,-0.679757085,3.85746E-06,129.2933404,0.450330254,129.0837884,495.7932194,500.7839044,2.93302E-06,39,5,Stylophora pistillata,7.69919E-06,23
NDI,host_protein_cm2,0.679757085,3.85746E-06,130.1187907,0.441858452,130.0747386,496.389723,501.3804079,3.92564E-06,39,5,Stylophora pistillata,8.79436E-06,24
NGRI,host_protein_cm2,-0.679757085,3.85746E-06,130.1865604,0.441159952,130.1561058,496.4385,501.4291849,4.02039E-06,39,5,Stylophora pistillata,8.79436E-06,25
MGRVI,host_protein_cm2,-0.679757085,3.85746E-06,130.3210165,0.439963256,130.295389,496.5219251,501.51261,4.18779E-06,39,5,Stylophora pistillata,8.79436E-06,26
EVI_2,host_protein_cm2,-0.678340081,4.0825E-06,128.1145737,0.462456178,127.6520293,494.9232328,499.9139177,1.91818E-06,39,5,Stylophora pistillata,5.67771E-06,27
SAVI,host_protein_cm2,-0.678340081,4.0825E-06,128.1908341,0.461520702,127.763056,494.9910446,499.9817296,1.98269E-06,39,5,Stylophora pistillata,5.67771E-06,28
ExG,host_protein_cm2,0.673076923,5.03814E-06,131.6802906,0.442349549,130.0175011,496.3553927,501.3460776,3.86031E-06,39,5,Stylophora pistillata,8.79436E-06,29
COM_norm,host_protein_cm2,0.673076923,5.03814E-06,131.8336223,0.440533566,130.2290293,496.4821894,501.4728743,4.1072E-06,39,5,Stylophora pistillata,8.79436E-06,30
ExGR,host_protein_cm2,0.668218623,6.11315E-06,132.1280154,0.437596628,130.5704028,496.6863858,501.6770707,4.53855E-06,39,5,Stylophora pistillata,9.22351E-06,31
G_minus_B,host_protein_cm2,0.620242915,3.75372E-05,136.1919304,0.399228805,134.9507605,499.2601837,504.2508686,1.60312E-05,39,5,Stylophora pistillata,2.97048E-05,32
Chroma_coral,host_protein_cm2,0.619230769,3.891E-05,133.7055897,0.4140314,133.2778438,498.2872136,503.2778985,9.94195E-06,39,5,Stylophora pistillata,1.90616E-05,33
D_toWhite,host_protein_cm2,0.616194332,4.33096E-05,137.5416331,0.368172818,138.394853,501.2258521,506.2165371,4.22192E-05,39,5,Stylophora pistillata,6.9995E-05,34
b_coral,host_protein_cm2,0.614574899,4.58383E-05,133.7110666,0.41390007,133.2927783,498.2959535,503.2866384,9.98467E-06,39,5,Stylophora pistillata,1.90616E-05,35
DeltaE76,host_protein_cm2,0.61194332,5.02371E-05,138.7612086,0.358110688,139.4925,501.8420508,506.8327358,5.72482E-05,39,5,Stylophora pistillata,9.24779E-05,36
R_plus_B,host_protein_cm2,-0.608906883,5.57906E-05,140.3459245,0.333423441,142.1496531,503.3138766,508.3045616,0.000118737,39,5,Stylophora pistillata,0.000173964,37
hue_angle,host_protein_cm2,0.606882591,5.97987E-05,137.6650051,0.387889305,136.2183983,499.9894441,504.980129,2.2949E-05,39,5,Stylophora pistillata,4.08205E-05,38
H_hsv,host_protein_cm2,0.606882591,5.97987E-05,137.7117061,0.38736967,136.2762055,500.022538,505.013223,2.3326E-05,39,5,Stylophora pistillata,4.08205E-05,39
WI,host_protein_cm2,0.606882591,5.97987E-05,139.3283046,0.37377579,137.7798516,500.878462,505.8691469,3.55668E-05,39,5,Stylophora pistillata,6.05597E-05,40
D_toWhite_RGB,host_protein_cm2,0.601012146,7.29539E-05,141.5449386,0.32370131,143.1825388,503.8785899,508.8692748,0.000157229,39,5,Stylophora pistillata,0.000225124,41
VARI,host_protein_cm2,-0.600404858,7.44553E-05,143.3519945,0.306671491,144.9740645,504.8484847,509.8391697,0.000255,39,5,Stylophora pistillata,0.000334687,42
int,host_protein_cm2,-0.59757085,8.18409E-05,142.7444622,0.309349451,144.6938147,504.6975568,509.6882417,0.000236489,39,5,Stylophora pistillata,0.000316996,43
F_PC1,host_protein_cm2,-0.586639676,0.000116995,144.1654026,0.295207261,146.167728,505.4880787,510.4787637,0.00035112,39,5,Stylophora pistillata,0.00045144,44
Distance,host_protein_cm2,0.584817814,0.000124034,142.3334406,0.31681211,143.9099644,504.2738584,509.2645433,0.000191439,39,5,Stylophora pistillata,0.000268014,45
chroma_index,host_protein_cm2,0.58097166,0.000140171,141.5783969,0.350377612,140.330243,502.3090904,507.2997754,7.21354E-05,39,5,Stylophora pistillata,0.000113613,46
R_minus_B,host_protein_cm2,0.57611336,0.00016326,142.1429471,0.345371845,140.8698738,502.6084591,507.5991441,8.36692E-05,39,5,Stylophora pistillata,0.000125504,47
IPCA,host_protein_cm2,0.575708502,0.000165332,142.0266544,0.346392847,140.7599759,502.5475846,507.5382696,8.11825E-05,39,5,Stylophora pistillata,0.000124744,48
F_PC2,host_protein_cm2,0.562145749,0.000250043,145.7481054,0.313873723,144.2191102,504.4412374,509.4319224,0.000208099,39,5,Stylophora pistillata,0.000285005,49
DeltaE2000,host_protein_cm2,0.546558704,0.00039426,146.6639023,0.270237333,148.7344619,506.8458869,511.8365719,0.000694459,39,5,Stylophora pistillata,0.000857861,50
G_index,host_protein_cm2,-0.543724696,0.000427347,148.1682176,0.257100907,150.0671724,507.5416804,512.5323653,0.000986725,39,5,Stylophora pistillata,0.001195456,51
Grayscale_weight,host_protein_cm2,-0.536032389,0.000530072,148.307115,0.255505903,150.2281831,507.6253236,512.6160085,0.001029375,39,5,Stylophora pistillata,0.001223597,52
L_coral,host_protein_cm2,-0.521862348,0.000778635,150.4317992,0.236168191,152.1667117,508.6253888,513.6160737,0.001710063,39,5,Stylophora pistillata,0.001995073,53
a_coral,host_protein_cm2,0.487651822,0.001853086,151.1627117,0.274108566,148.3394353,506.6384497,511.6291346,0.000625567,39,5,Stylophora pistillata,0.000788214,54
R_plus_G,host_protein_cm2,-0.475303644,0.002484335,154.0824244,0.202119109,155.5212784,510.3262454,515.3169303,0.004087686,39,5,Stylophora pistillata,0.004644442,55
CIVE_raw,host_protein_cm2,-0.459109312,0.003595298,159.0665509,0.193242127,156.3840269,510.7577516,515.7484366,0.00510924,39,5,Stylophora pistillata,0.005647055,56
Grayscale_norm,host_protein_cm2,-0.450202429,0.004375493,156.1183069,0.182301574,157.4408285,511.2830819,516.2737668,0.006712148,39,5,Stylophora pistillata,0.007290781,57
ExGR_2,host_protein_cm2,-0.437651822,0.005724495,161.6739509,0.155653833,159.9856588,512.5337715,517.5244564,0.012939921,39,5,Stylophora pistillata,0.013817204,58
R_minus_G,host_protein_cm2,0.415991903,0.008912239,159.2613113,0.201726103,155.5595757,510.3454506,515.3361355,0.004128393,39,5,Stylophora pistillata,0.004644442,59
V_hsv,host_protein_cm2,-0.39534413,0.013273146,159.9724343,0.148267678,160.6838947,512.8734514,517.8641363,0.015495393,39,5,Stylophora pistillata,0.016003438,60
R_index,host_protein_cm2,-0.39534413,0.013273146,159.9724343,0.148267678,160.6838947,512.8734514,517.8641363,0.015495393,39,5,Stylophora pistillata,0.016003438,61
EVI,host_protein_cm2,-0.345951417,0.031558971,164.07097,0.131962059,162.2146746,513.6130131,518.6036981,0.02302268,39,5,Stylophora pistillata,0.023394013,62
ChOL,host_protein_cm2,-0.298785425,0.065017284,166.456042,0.095488463,165.5876112,515.2182389,520.2089239,0.055602969,39,5,Stylophora pistillata,0.055602969,63
D_toWhite,total_chl_cm2,0.740688259,4.10842E-07,1.314438664,0.530465107,1.226503339,132.6022556,137.5929405,1.4759E-07,39,5,Stylophora pistillata,4.64907E-07,1
DeltaE76,total_chl_cm2,0.734817814,4.94238E-07,1.311329581,0.531075237,1.2257062,132.5515447,137.5422296,1.44006E-07,39,5,Stylophora pistillata,4.64907E-07,2
EVI_2,total_chl_cm2,-0.725708502,6.68709E-07,1.239013209,0.577783784,1.163060359,128.4594778,133.4501627,1.9889E-08,39,5,Stylophora pistillata,1.55017E-07,3
SAVI,total_chl_cm2,-0.725708502,6.68709E-07,1.241290126,0.577534752,1.163403306,128.482474,133.4731589,2.01111E-08,39,5,Stylophora pistillata,1.55017E-07,4
OSAVI,total_chl_cm2,-0.72388664,7.12057E-07,1.246680706,0.575436164,1.166289319,128.6757262,133.6664111,2.20787E-08,39,5,Stylophora pistillata,1.55017E-07,5
MGRVI,total_chl_cm2,-0.72388664,7.12057E-07,1.249450871,0.572987086,1.169648326,128.9000495,133.8907345,2.46058E-08,39,5,Stylophora pistillata,1.55017E-07,6
NDI,total_chl_cm2,0.72388664,7.12057E-07,1.251388392,0.573410589,1.169068165,128.8613509,133.8520358,2.415E-08,39,5,Stylophora pistillata,1.55017E-07,7
NGRI,total_chl_cm2,-0.72388664,7.12057E-07,1.251798629,0.573228144,1.169318134,128.878027,133.868712,2.43454E-08,39,5,Stylophora pistillata,1.55017E-07,8
b_norm,total_chl_cm2,-0.723481781,7.2214E-07,1.197645484,0.556430608,1.19210795,130.3836095,135.3742944,5.04086E-08,39,5,Stylophora pistillata,2.11716E-07,9
redness_index,total_chl_cm2,0.723279352,7.27246E-07,1.393605516,0.433708341,1.346960566,139.9095541,144.900239,5.17623E-06,39,5,Stylophora pistillata,1.05194E-05,10
Distance,total_chl_cm2,0.72145749,7.7518E-07,1.377982847,0.490399235,1.277761607,135.7957702,140.7864551,6.95771E-07,39,5,Stylophora pistillata,1.8264E-06,11
B_index,total_chl_cm2,-0.720445344,8.03423E-07,1.220473442,0.56780176,1.176728565,129.3707841,134.361469,3.08905E-08,39,5,Stylophora pistillata,1.59869E-07,12
GLI2,total_chl_cm2,-0.719433198,8.32885E-07,1.200636409,0.580530567,1.159270964,128.2049292,133.1956141,1.75884E-08,39,5,Stylophora pistillata,1.55017E-07,13
ExB,total_chl_cm2,-0.719230769,8.38929E-07,1.206946374,0.542246149,1.211018568,131.6112258,136.6019107,9.13139E-08,39,5,Stylophora pistillata,3.38398E-07,14
r_minus_b,total_chl_cm2,0.718623482,8.5737E-07,1.194182192,0.566292269,1.178781689,129.5067578,134.4974427,3.29889E-08,39,5,Stylophora pistillata,1.59869E-07,15
S_hsv,total_chl_cm2,0.718016194,8.76286E-07,1.180142736,0.568836118,1.17531962,129.2773355,134.2680205,2.95264E-08,39,5,Stylophora pistillata,1.59869E-07,16
NRBI,total_chl_cm2,0.718016194,8.76286E-07,1.200739568,0.557984123,1.190018557,130.2467799,135.2374648,4.71804E-08,39,5,Stylophora pistillata,2.11716E-07,17
KI,total_chl_cm2,-0.718016194,8.76286E-07,1.284620823,0.507735437,1.255839346,134.4459293,139.4366142,3.61023E-07,39,5,Stylophora pistillata,1.00455E-06,18
D_toWhite_RGB,total_chl_cm2,0.717813765,8.82699E-07,1.380463209,0.48841645,1.280244989,135.9472193,140.9379042,7.4897E-07,39,5,Stylophora pistillata,1.8874E-06,19
NGBI,total_chl_cm2,0.716396761,9.29151E-07,1.23763163,0.526206521,1.232052853,132.9543832,137.9450681,1.75063E-07,39,5,Stylophora pistillata,5.25189E-07,20
r_norm,total_chl_cm2,0.716194332,9.36016E-07,1.195897078,0.574998679,1.166890056,128.7158924,133.7065773,2.25113E-08,39,5,Stylophora pistillata,1.55017E-07,21
ExR,total_chl_cm2,0.714574899,9.93089E-07,1.215733508,0.58111258,1.158466442,128.1507792,133.1414642,1.71345E-08,39,5,Stylophora pistillata,1.55017E-07,22
g_minus_r,total_chl_cm2,-0.714574899,9.93089E-07,1.233157233,0.57916173,1.161160924,128.3319891,133.322674,1.87014E-08,39,5,Stylophora pistillata,1.55017E-07,23
WI_old,total_chl_cm2,0.710728745,1.14532E-06,1.195966734,0.543408067,1.209480626,131.5121062,136.5027911,8.70346E-08,39,5,Stylophora pistillata,3.38398E-07,24
g_minus_b,total_chl_cm2,0.710121457,1.17169E-06,1.211316181,0.536804804,1.218195027,132.0720872,137.0627722,1.14151E-07,39,5,Stylophora pistillata,3.99529E-07,25
R_plus_B,total_chl_cm2,-0.708906883,1.22652E-06,1.384735331,0.481574572,1.288777503,136.4653452,141.4560301,9.63782E-07,39,5,Stylophora pistillata,2.33532E-06,26
F_PC1,total_chl_cm2,-0.707287449,1.30412E-06,1.431627482,0.454738389,1.3217133,138.4336558,143.4243408,2.51604E-06,39,5,Stylophora pistillata,5.28369E-06,27
RGBVI,total_chl_cm2,0.706072874,1.3659E-06,1.30264951,0.470286599,1.302732594,137.3054018,142.2960867,1.4511E-06,39,5,Stylophora pistillata,3.38591E-06,28
int,total_chl_cm2,-0.701214575,1.64717E-06,1.411407545,0.467586758,1.306048255,137.5036719,142.4943569,1.59836E-06,39,5,Stylophora pistillata,3.5963E-06,29
DeltaE2000,total_chl_cm2,0.700809717,1.6733E-06,1.424040917,0.461997652,1.312885598,137.9109476,142.9016325,1.94955E-06,39,5,Stylophora pistillata,4.23522E-06,30
VARI,total_chl_cm2,-0.699797571,1.7406E-06,1.371983608,0.507326829,1.256360448,134.4782882,139.4689731,3.66741E-07,39,5,Stylophora pistillata,1.00455E-06,31
G_index,total_chl_cm2,-0.687246964,2.85913E-06,1.473760462,0.432126014,1.348841086,140.0183756,145.0090605,5.45938E-06,39,5,Stylophora pistillata,1.07482E-05,32
Grayscale_weight,total_chl_cm2,-0.670850202,5.50576E-06,1.484775003,0.421357675,1.361569761,140.7509907,145.7416756,7.81591E-06,39,5,Stylophora pistillata,1.49213E-05,33
L_coral,total_chl_cm2,-0.659109312,8.75676E-06,1.5165062,0.402376174,1.383721697,142.0097922,147.0004771,1.44959E-05,39,5,Stylophora pistillata,2.686E-05,34
VEG,total_chl_cm2,0.655263158,1.01748E-05,1.443184932,0.349048269,1.444139651,145.3432778,150.3339628,7.50409E-05,39,5,Stylophora pistillata,0.000112561,35
VDVI,total_chl_cm2,0.643117409,1.62142E-05,1.384157345,0.375783198,1.414172951,143.7077057,148.6983906,3.34364E-05,39,5,Stylophora pistillata,5.97768E-05,36
g_norm,total_chl_cm2,0.643117409,1.62142E-05,1.387835879,0.373337335,1.416940813,143.8602205,148.8509054,3.6049E-05,39,5,Stylophora pistillata,5.97768E-05,37
ExG_2,total_chl_cm2,0.643117409,1.62142E-05,1.387835879,0.373337335,1.416940813,143.8602205,148.8509054,3.6049E-05,39,5,Stylophora pistillata,5.97768E-05,38
R_plus_G,total_chl_cm2,-0.621255061,3.62091E-05,1.566335289,0.362241157,1.429430497,144.5447422,149.5354272,5.05475E-05,39,5,Stylophora pistillata,7.96123E-05,39
ExGR_2,total_chl_cm2,-0.603441296,6.72199E-05,1.622477059,0.368024083,1.422935005,144.1894938,149.1801787,4.2411E-05,39,5,Stylophora pistillata,6.85101E-05,40
Grayscale_norm,total_chl_cm2,-0.602024291,7.05127E-05,1.579085388,0.352895224,1.439866083,145.1121143,150.1027992,6.69242E-05,39,5,Stylophora pistillata,0.000102835,41
CIVE_norm,total_chl_cm2,-0.584817814,0.000124034,1.459172365,0.308892951,1.488015518,147.6777881,152.668473,0.000239551,39,5,Stylophora pistillata,0.0003211,42
a_coral,total_chl_cm2,0.577935223,0.000154227,1.527586804,0.373331194,1.416947755,143.8606026,148.8512875,3.60558E-05,39,5,Stylophora pistillata,5.97768E-05,43
COM_raw,total_chl_cm2,0.568016194,0.000209479,1.431406655,0.316089366,1.480247981,147.2695566,152.2602415,0.000195414,39,5,Stylophora pistillata,0.000267632,44
EVI,total_chl_cm2,-0.556072874,0.000299327,1.60621341,0.34676844,1.446666346,145.4796289,150.4703139,8.02856E-05,39,5,Stylophora pistillata,0.000114954,45
V_hsv,total_chl_cm2,-0.554048583,0.0003176,1.653223815,0.288056379,1.510280449,148.8362438,153.8269287,0.00042771,39,5,Stylophora pistillata,0.000549912,46
R_index,total_chl_cm2,-0.554048583,0.0003176,1.653223815,0.288056379,1.510280449,148.8362438,153.8269287,0.00042771,39,5,Stylophora pistillata,0.000549912,47
Chroma_coral,total_chl_cm2,0.528340081,0.000654385,1.441563656,0.347787862,1.445537084,145.4187187,150.4094036,7.78986E-05,39,5,Stylophora pistillata,0.00011413,48
b_coral,total_chl_cm2,0.518218623,0.00085742,1.451139548,0.33746848,1.456927938,146.0309508,151.0216357,0.000105534,39,5,Stylophora pistillata,0.000147747,49
ChOL,total_chl_cm2,-0.511538462,0.001020515,1.701170519,0.274551425,1.524537513,149.5691109,154.5597958,0.000618117,39,5,Stylophora pistillata,0.000763556,50
ExG,total_chl_cm2,0.5,0.001368147,1.519899527,0.252986954,1.547030558,150.7115169,155.7022018,0.001100359,39,5,Stylophora pistillata,0.001260411,51
COM_norm,total_chl_cm2,0.5,0.001368147,1.524834416,0.249413019,1.550726872,150.8976597,155.8883446,0.001209191,39,5,Stylophora pistillata,0.00136034,52
ExGR,total_chl_cm2,0.49757085,0.001453495,1.527918819,0.247578068,1.552621236,150.9928862,155.9835711,0.001269016,39,5,Stylophora pistillata,0.001402597,53
G_minus_B,total_chl_cm2,0.486842105,0.001889636,1.523664312,0.277455882,1.521482579,149.4126543,154.4033393,0.000571325,39,5,Stylophora pistillata,0.00071987,54
chroma_index,total_chl_cm2,0.473684211,0.002579805,1.558470641,0.263954649,1.535631762,150.1346713,155.1253562,0.000822006,39,5,Stylophora pistillata,0.000995891,55
IPCA,total_chl_cm2,0.469230769,0.002859218,1.562296658,0.262149475,1.5375137,150.2302028,155.2208878,0.000862627,39,5,Stylophora pistillata,0.001016543,56
R_minus_B,total_chl_cm2,0.465991903,0.003078825,1.563061265,0.261773694,1.537905172,150.2500601,155.2407451,0.000871322,39,5,Stylophora pistillata,0.001016543,57
F_PC2,total_chl_cm2,0.432995951,0.006309946,1.625149562,0.208323234,1.592607471,152.9762678,157.9669527,0.003494266,39,5,Stylophora pistillata,0.003795496,58
H_hsv,total_chl_cm2,0.424493927,0.007514074,1.611420484,0.185734064,1.615168858,154.0734872,159.0641721,0.006162873,39,5,Stylophora pistillata,0.006372693,59
hue_angle,total_chl_cm2,0.424493927,0.007514074,1.611660655,0.185685145,1.615217375,154.0758301,159.066515,0.006170385,39,5,Stylophora pistillata,0.006372693,60
WI,total_chl_cm2,0.424493927,0.007514074,1.609807713,0.184899815,1.61599605,154.1134238,159.1041087,0.00629221,39,5,Stylophora pistillata,0.006393697,61
R_minus_G,total_chl_cm2,0.41902834,0.008389103,1.672465154,0.191780078,1.609161283,153.7828275,158.7735124,0.005299665,39,5,Stylophora pistillata,0.005658964,62
CIVE_raw,total_chl_cm2,-0.218421053,0.18102485,1.880536992,0.033347642,1.759826918,160.7640116,165.7546966,0.265835431,39,5,Stylophora pistillata,0.265835431,63
