ID,Tag,Treatment,Genotype,Replicate,Species,Temperature,Phase,Time,FvFm,R_blank,G_blank,B_blank,R_coral,G_coral,B_coral
C-1-1,C-1-1_I,C,1,1,Acropora hemprichii,31.81368785,I,0,0.444,194.3338776,193.3338776,191.3142857,57.55054648,30.83603063,28.18662173
C-1-1,C-1-1_Middle,C,1,1,Acropora hemprichii,31.81368785,Middle,7,0.322,NA,NA,NA,NA,NA,NA
C-1-1,C-1-1_F,C,1,1,Acropora hemprichii,31.81368785,F,18,0.354,197.4918367,195.7571429,192.8591837,55.70375335,31.78606898,28.81577087
T1-1-1,T1-1-1_I,T1,1,1,Acropora hemprichii,33.65498611,I,0,0.545,194.3338776,193.3338776,191.3142857,49.95274451,26.17417291,22.1574327
T1-1-1,T1-1-1_Middle,T1,1,1,Acropora hemprichii,33.65498611,Middle,7,0.38,NA,NA,NA,NA,NA,NA
T1-1-1,T1-1-1_F,T1,1,1,Acropora hemprichii,33.65498611,F,18,0.416,197.4918367,195.7571429,192.8591837,55.08895294,30.16460425,22.94427814
T2-1-1,T2-1-1_I,T2,1,1,Acropora hemprichii,36.10948895,I,0,0.568,194.3338776,193.3338776,191.3142857,50.07378468,27.57592062,24.75274428
T2-1-1,T2-1-1_Middle,T2,1,1,Acropora hemprichii,36.10948895,Middle,7,0.31,NA,NA,NA,NA,NA,NA
T2-1-1,T2-1-1_F,T2,1,1,Acropora hemprichii,36.10948895,F,18,0.182,197.4769388,197.0173469,194.2402041,111.3250968,86.09880886,88.0444832
T3-1-1,T3-1-1_I,T3,1,1,Acropora hemprichii,37.86072744,I,0,0.544,194.3338776,193.3338776,191.3142857,65.21813548,39.34203134,34.52399432
T3-1-1,T3-1-1_Middle,T3,1,1,Acropora hemprichii,37.86072744,Middle,7,0,NA,NA,NA,NA,NA,NA
T3-1-1,T3-1-1_F,T3,1,1,Acropora hemprichii,37.86072744,F,18,0,197.4769388,197.0173469,194.2402041,101.3425654,80.4685331,65.07654832
C-1-2,C-1-2_I,C,1,2,Acropora hemprichii,31.81342634,I,0,0.546,194.3338776,193.3338776,191.3142857,56.37673733,29.95559905,24.77973258
C-1-2,C-1-2_Middle,C,1,2,Acropora hemprichii,31.81342634,Middle,7,0.372,NA,NA,NA,NA,NA,NA
C-1-2,C-1-2_F,C,1,2,Acropora hemprichii,31.81342634,F,18,0.384,196.94,194.8730612,192.0306122,62.07538,34.22603142,28.27350867
T1-1-2,T1-1-2_I,T1,1,2,Acropora hemprichii,34.09503478,I,0,0.545,194.3338776,193.3338776,191.3142857,52.45213405,26.11437981,20.03729583
T1-1-2,T1-1-2_Middle,T1,1,2,Acropora hemprichii,34.09503478,Middle,7,0.261,NA,NA,NA,NA,NA,NA
T1-1-2,T1-1-2_F,T1,1,2,Acropora hemprichii,34.09503478,F,18,0.42,196.94,194.8730612,192.0306122,62.99833873,32.77634375,22.17132745
T2-1-2,T2-1-2_I,T2,1,2,Acropora hemprichii,35.57866298,I,0,0.465,194.3338776,193.3338776,191.3142857,57.37315704,30.24867157,28.99865286
T2-1-2,T2-1-2_Middle,T2,1,2,Acropora hemprichii,35.57866298,Middle,7,0.135,NA,NA,NA,NA,NA,NA
T2-1-2,T2-1-2_F,T2,1,2,Acropora hemprichii,35.57866298,F,18,0.298,195.9604082,194.9604082,191.0730612,113.6014064,89.62783587,92.89074258
T3-1-2,T3-1-2_I,T3,1,2,Acropora hemprichii,36.32067772,I,0,0.491,194.3338776,193.3338776,191.3142857,44.39653332,21.7852831,20.72726567
T3-1-2,T3-1-2_Middle,T3,1,2,Acropora hemprichii,36.32067772,Middle,7,0,NA,NA,NA,NA,NA,NA
T3-1-2,T3-1-2_F,T3,1,2,Acropora hemprichii,36.32067772,F,18,0.175,195.9604082,194.9604082,191.0730612,103.0361734,85.39541787,90.50781643
C-2-1,C-2-1_I,C,2,1,Acropora hemprichii,31.81368785,I,0,0.555,194.3338776,193.3338776,191.3142857,47.38877362,25.82449443,21.02337677
C-2-1,C-2-1_Middle,C,2,1,Acropora hemprichii,31.81368785,Middle,7,0.376,NA,NA,NA,NA,NA,NA
C-2-1,C-2-1_F,C,2,1,Acropora hemprichii,31.81368785,F,18,0.385,197.4918367,195.7571429,192.8591837,55.35844541,32.70363574,26.75522642
T1-2-1,T1-2-1_I,T1,2,1,Acropora hemprichii,33.65498611,I,0,0.47,194.3338776,193.3338776,191.3142857,64.87685004,36.81539607,26.49758913
T1-2-1,T1-2-1_Middle,T1,2,1,Acropora hemprichii,33.65498611,Middle,7,0.422,NA,NA,NA,NA,NA,NA
T1-2-1,T1-2-1_F,T1,2,1,Acropora hemprichii,33.65498611,F,18,0.338,197.4918367,195.7571429,192.8591837,68.84792399,40.45877443,28.41671186
T2-2-1,T2-2-1_I,T2,2,1,Acropora hemprichii,36.10948895,I,0,0.514,194.3338776,193.3338776,191.3142857,68.22805946,40.47275558,36.05522147
T2-2-1,T2-2-1_Middle,T2,2,1,Acropora hemprichii,36.10948895,Middle,7,0.272,NA,NA,NA,NA,NA,NA
T2-2-1,T2-2-1_F,T2,2,1,Acropora hemprichii,36.10948895,F,18,0.058,197.4769388,197.0173469,194.2402041,110.7158727,89.70675685,80.31016794
T3-2-1,T3-2-1_I,T3,2,1,Acropora hemprichii,37.86072744,I,0,0.56,194.3338776,193.3338776,191.3142857,42.72839995,22.98110943,20.60006992
T3-2-1,T3-2-1_Middle,T3,2,1,Acropora hemprichii,37.86072744,Middle,7,0,NA,NA,NA,NA,NA,NA
T3-2-1,T3-2-1_F,T3,2,1,Acropora hemprichii,37.86072744,F,18,0,197.4769388,197.0173469,194.2402041,84.60278192,62.71326379,42.88261302
C-2-2,C-2-2_I,C,2,2,Acropora hemprichii,31.81342634,I,0,0.544,194.3338776,193.3338776,191.3142857,46.34719465,23.4620381,22.88329328
C-2-2,C-2-2_Middle,C,2,2,Acropora hemprichii,31.81342634,Middle,7,0.452,NA,NA,NA,NA,NA,NA
C-2-2,C-2-2_F,C,2,2,Acropora hemprichii,31.81342634,F,18,0.427,196.94,194.8730612,192.0306122,55.80282508,28.87178089,26.98969181
T1-2-2,T1-2-2_I,T1,2,2,Acropora hemprichii,34.09503478,I,0,0.563,194.3338776,193.3338776,191.3142857,50.82326889,26.78235501,23.3315993
T1-2-2,T1-2-2_Middle,T1,2,2,Acropora hemprichii,34.09503478,Middle,7,0.389,NA,NA,NA,NA,NA,NA
T1-2-2,T1-2-2_F,T1,2,2,Acropora hemprichii,34.09503478,F,18,0.431,196.94,194.8730612,192.0306122,73.19371527,44.26843796,37.64206081
T2-2-2,T2-2-2_I,T2,2,2,Acropora hemprichii,35.57866298,I,0,0.569,194.3338776,193.3338776,191.3142857,51.28847979,28.59846903,21.09679256
T2-2-2,T2-2-2_Middle,T2,2,2,Acropora hemprichii,35.57866298,Middle,7,0.381,NA,NA,NA,NA,NA,NA
T2-2-2,T2-2-2_F,T2,2,2,Acropora hemprichii,35.57866298,F,18,0.201,195.9604082,194.9604082,191.0730612,110.6709028,91.80798818,79.86863807
T3-2-2,T3-2-2_I,T3,2,2,Acropora hemprichii,36.32067772,I,0,0.422,194.3338776,193.3338776,191.3142857,55.58461443,28.95827887,21.66343022
T3-2-2,T3-2-2_Middle,T3,2,2,Acropora hemprichii,36.32067772,Middle,7,0,NA,NA,NA,NA,NA,NA
T3-2-2,T3-2-2_F,T3,2,2,Acropora hemprichii,36.32067772,F,18,0.062,195.9604082,194.9604082,191.0730612,104.064051,84.26937056,64.93067758
C-3-1,C-3-1_I,C,3,1,Acropora hemprichii,31.81368785,I,0,0.492,194.3338776,193.3338776,191.3142857,48.70228366,26.96478596,16.23288571
C-3-1,C-3-1_Middle,C,3,1,Acropora hemprichii,31.81368785,Middle,7,0.428,NA,NA,NA,NA,NA,NA
C-3-1,C-3-1_F,C,3,1,Acropora hemprichii,31.81368785,F,18,0.413,197.4918367,195.7571429,192.8591837,62.40173515,35.07815879,20.16682113
T1-3-1,T1-3-1_I,T1,3,1,Acropora hemprichii,33.65498611,I,0,0.599,194.3338776,193.3338776,191.3142857,47.24178688,25.84482705,12.3914689
T1-3-1,T1-3-1_Middle,T1,3,1,Acropora hemprichii,33.65498611,Middle,7,0.359,NA,NA,NA,NA,NA,NA
T1-3-1,T1-3-1_F,T1,3,1,Acropora hemprichii,33.65498611,F,18,0.468,197.4918367,195.7571429,192.8591837,75.62395707,47.88204951,27.61229012
T2-3-1,T2-3-1_I,T2,3,1,Acropora hemprichii,36.10948895,I,0,0.575,194.3338776,193.3338776,191.3142857,45.29,24.34,13.07
T2-3-1,T2-3-1_Middle,T2,3,1,Acropora hemprichii,36.10948895,Middle,7,0.132,NA,NA,NA,NA,NA,NA
T2-3-1,T2-3-1_F,T2,3,1,Acropora hemprichii,36.10948895,F,18,0.107,197.4769388,197.0173469,194.2402041,118.9238535,91.67685981,74.00422928
T3-3-1,T3-3-1_I,T3,3,1,Acropora hemprichii,37.86072744,I,0,0.5,194.3338776,193.3338776,191.3142857,59.66,41.53,13.71
T3-3-1,T3-3-1_Middle,T3,3,1,Acropora hemprichii,37.86072744,Middle,7,0,NA,NA,NA,NA,NA,NA
T3-3-1,T3-3-1_F,T3,3,1,Acropora hemprichii,37.86072744,F,18,0,197.4769388,197.0173469,194.2402041,76.20483554,53.28598429,32.00522828
C-3-2,C-3-2_I,C,3,2,Acropora hemprichii,31.81342634,I,0,0.528,194.3338776,193.3338776,191.3142857,46.2953417,24.16839242,13.90418923
C-3-2,C-3-2_Middle,C,3,2,Acropora hemprichii,31.81342634,Middle,7,0.28,NA,NA,NA,NA,NA,NA
C-3-2,C-3-2_F,C,3,2,Acropora hemprichii,31.81342634,F,18,0.417,196.94,194.8730612,192.0306122,62.34719989,33.64610727,19.55257308
T1-3-2,T1-3-2_I,T1,3,2,Acropora hemprichii,34.09503478,I,0,0.493,194.3338776,193.3338776,191.3142857,44.52620771,24.49337288,14.96270561
T1-3-2,T1-3-2_Middle,T1,3,2,Acropora hemprichii,34.09503478,Middle,7,0.27,NA,NA,NA,NA,NA,NA
T1-3-2,T1-3-2_F,T1,3,2,Acropora hemprichii,34.09503478,F,18,0.384,196.94,194.8730612,192.0306122,74.37445867,45.66831874,26.5469156
T2-3-2,T2-3-2_I,T2,3,2,Acropora hemprichii,35.57866298,I,0,0.571,194.3338776,193.3338776,191.3142857,47.22,25.75,14.86
T2-3-2,T2-3-2_Middle,T2,3,2,Acropora hemprichii,35.57866298,Middle,7,0.112,NA,NA,NA,NA,NA,NA
T2-3-2,T2-3-2_F,T2,3,2,Acropora hemprichii,35.57866298,F,18,0.196,195.9604082,194.9604082,191.0730612,97.32566081,78.55441125,67.99774127
T3-3-2,T3-3-2_I,T3,3,2,Acropora hemprichii,36.32067772,I,0,0.577,194.3338776,193.3338776,191.3142857,62.9,44.6,15.72
T3-3-2,T3-3-2_Middle,T3,3,2,Acropora hemprichii,36.32067772,Middle,7,0,NA,NA,NA,NA,NA,NA
T3-3-2,T3-3-2_F,T3,3,2,Acropora hemprichii,36.32067772,F,18,0.121,195.9604082,194.9604082,191.0730612,73.81059206,53.86854165,38.9011383
C-4-1,C-4-1_I,C,4,1,Acropora hemprichii,31.81368785,I,0,0.539,193.4885714,189.7432653,186.6583674,55.74844626,31.55430474,26.29630151
C-4-1,C-4-1_Middle,C,4,1,Acropora hemprichii,31.81368785,Middle,7,0.26,NA,NA,NA,NA,NA,NA
C-4-1,C-4-1_F,C,4,1,Acropora hemprichii,31.81368785,F,18,0.473,197.4918367,195.7571429,192.8591837,50.90737788,28.621331,23.91473696
T1-4-1,T1-4-1_I,T1,4,1,Acropora hemprichii,33.65498611,I,0,0.495,193.4885714,189.7432653,186.6583674,55.82946538,32.27944217,18.81986582
T1-4-1,T1-4-1_Middle,T1,4,1,Acropora hemprichii,33.65498611,Middle,7,0.212,NA,NA,NA,NA,NA,NA
T1-4-1,T1-4-1_F,T1,4,1,Acropora hemprichii,33.65498611,F,18,0.416,197.4918367,195.7571429,192.8591837,51.79639442,30.13450892,16.83415947
T2-4-1,T2-4-1_I,T2,4,1,Acropora hemprichii,36.10948895,I,0,0.5,193.4885714,189.7432653,186.6583674,51.68308563,28.64766408,24.90317205
T2-4-1,T2-4-1_Middle,T2,4,1,Acropora hemprichii,36.10948895,Middle,7,0.122,NA,NA,NA,NA,NA,NA
T2-4-1,T2-4-1_F,T2,4,1,Acropora hemprichii,36.10948895,F,18,0.287,197.4769388,197.0173469,194.2402041,96.78921854,75.40056234,78.36123715
T3-4-1,T3-4-1_I,T3,4,1,Acropora hemprichii,37.86072744,I,0,0.472,193.4885714,189.7432653,186.6583674,57.28851708,31.76223574,20.27946783
T3-4-1,T3-4-1_Middle,T3,4,1,Acropora hemprichii,37.86072744,Middle,7,0,NA,NA,NA,NA,NA,NA
T3-4-1,T3-4-1_F,T3,4,1,Acropora hemprichii,37.86072744,F,18,0,197.4769388,197.0173469,194.2402041,98.27425411,81.35072066,61.06861399
C-4-2,C-4-2_I,C,4,2,Acropora hemprichii,31.81342634,I,0,0.507,193.4885714,189.7432653,186.6583674,63.40894667,38.34330302,24.72084873
C-4-2,C-4-2_Middle,C,4,2,Acropora hemprichii,31.81342634,Middle,7,0.284,NA,NA,NA,NA,NA,NA
C-4-2,C-4-2_F,C,4,2,Acropora hemprichii,31.81342634,F,18,0.432,196.94,194.8730612,192.0306122,61.64504098,36.13028696,22.4812879
T1-4-2,T1-4-2_I,T1,4,2,Acropora hemprichii,34.09503478,I,0,0.538,193.4885714,189.7432653,186.6583674,54.59596917,30.80572673,22.69858324
T1-4-2,T1-4-2_Middle,T1,4,2,Acropora hemprichii,34.09503478,Middle,7,0.275,NA,NA,NA,NA,NA,NA
T1-4-2,T1-4-2_F,T1,4,2,Acropora hemprichii,34.09503478,F,18,0.442,196.94,194.8730612,192.0306122,53.02045174,30.08155576,20.45531808
T2-4-2,T2-4-2_I,T2,4,2,Acropora hemprichii,35.57866298,I,0,0.529,193.4885714,189.7432653,186.6583674,54.1443361,30.76547018,27.03960681
T2-4-2,T2-4-2_Middle,T2,4,2,Acropora hemprichii,35.57866298,Middle,7,0.206,NA,NA,NA,NA,NA,NA
T2-4-2,T2-4-2_F,T2,4,2,Acropora hemprichii,35.57866298,F,18,0.443,195.9604082,194.9604082,191.0730612,80.0528309,51.88542114,50.94770627
T3-4-2,T3-4-2_I,T3,4,2,Acropora hemprichii,36.32067772,I,0,0.523,193.4885714,189.7432653,186.6583674,51.60892519,28.1217248,24.05121619
T3-4-2,T3-4-2_Middle,T3,4,2,Acropora hemprichii,36.32067772,Middle,7,0.022,NA,NA,NA,NA,NA,NA
T3-4-2,T3-4-2_F,T3,4,2,Acropora hemprichii,36.32067772,F,18,0.216,195.9604082,194.9604082,191.0730612,85.755914,66.05278544,59.78798748
C-5-1,C-5-1_I,C,5,1,Acropora hemprichii,31.81368785,I,0,0.532,193.4885714,189.7432653,186.6583674,53.87676602,25.52278601,16.95503101
C-5-1,C-5-1_Middle,C,5,1,Acropora hemprichii,31.81368785,Middle,7,0.283,NA,NA,NA,NA,NA,NA
C-5-1,C-5-1_F,C,5,1,Acropora hemprichii,31.81368785,F,18,0.451,197.4918367,195.7571429,192.8591837,55.54187315,27.50803054,19.72562663
T1-5-1,T1-5-1_I,T1,5,1,Acropora hemprichii,33.65498611,I,0,0.516,193.4885714,189.7432653,186.6583674,52.20358551,26.16974442,18.92902732
T1-5-1,T1-5-1_Middle,T1,5,1,Acropora hemprichii,33.65498611,Middle,7,0.244,NA,NA,NA,NA,NA,NA
T1-5-1,T1-5-1_F,T1,5,1,Acropora hemprichii,33.65498611,F,18,0.396,197.4918367,195.7571429,192.8591837,62.2360754,35.4922386,30.01528723
T2-5-1,T2-5-1_I,T2,5,1,Acropora hemprichii,36.10948895,I,0,0.514,193.4885714,189.7432653,186.6583674,66.72003437,37.47730202,29.99455821
T2-5-1,T2-5-1_Middle,T2,5,1,Acropora hemprichii,36.10948895,Middle,7,0.122,NA,NA,NA,NA,NA,NA
T2-5-1,T2-5-1_F,T2,5,1,Acropora hemprichii,36.10948895,F,18,0,197.4769388,197.0173469,194.2402041,91.75740186,69.235793,57.05134325
T3-5-1,T3-5-1_I,T3,5,1,Acropora hemprichii,37.86072744,I,0,0.529,193.4885714,189.7432653,186.6583674,46.76870225,22.48845883,14.25019222
T3-5-1,T3-5-1_Middle,T3,5,1,Acropora hemprichii,37.86072744,Middle,7,0,NA,NA,NA,NA,NA,NA
T3-5-1,T3-5-1_F,T3,5,1,Acropora hemprichii,37.86072744,F,18,0,197.4769388,197.0173469,194.2402041,86.78099996,61.97475196,40.77296327
C-5-2,C-5-2_I,C,5,2,Acropora hemprichii,31.81342634,I,0,0.532,193.4885714,189.7432653,186.6583674,50.43553916,24.55693882,16.31828136
C-5-2,C-5-2_Middle,C,5,2,Acropora hemprichii,31.81342634,Middle,7,0.313,NA,NA,NA,NA,NA,NA
C-5-2,C-5-2_F,C,5,2,Acropora hemprichii,31.81342634,F,18,0.448,196.94,194.8730612,192.0306122,49.10343848,23.28209699,15.08573699
T1-5-2,T1-5-2_I,T1,5,2,Acropora hemprichii,34.09503478,I,0,0.457,193.4885714,189.7432653,186.6583674,40.50952983,18.02252956,17.75262101
T1-5-2,T1-5-2_Middle,T1,5,2,Acropora hemprichii,34.09503478,Middle,7,0.303,NA,NA,NA,NA,NA,NA
T1-5-2,T1-5-2_F,T1,5,2,Acropora hemprichii,34.09503478,F,18,0.392,196.94,194.8730612,192.0306122,40.93167852,19.05415499,17.59846693
T2-5-2,T2-5-2_I,T2,5,2,Acropora hemprichii,35.57866298,I,0,0.519,193.4885714,189.7432653,186.6583674,53.03184745,26.29174316,16.52138259
T2-5-2,T2-5-2_Middle,T2,5,2,Acropora hemprichii,35.57866298,Middle,7,0.097,NA,NA,NA,NA,NA,NA
T2-5-2,T2-5-2_F,T2,5,2,Acropora hemprichii,35.57866298,F,18,0.29,195.9604082,194.9604082,191.0730612,86.06206309,63.29915966,54.8482767
T3-5-2,T3-5-2_I,T3,5,2,Acropora hemprichii,36.32067772,I,0,0.528,193.4885714,189.7432653,186.6583674,44.24908393,22.55353943,14.75134954
T3-5-2,T3-5-2_Middle,T3,5,2,Acropora hemprichii,36.32067772,Middle,7,0,NA,NA,NA,NA,NA,NA
T3-5-2,T3-5-2_F,T3,5,2,Acropora hemprichii,36.32067772,F,18,0.144,195.9604082,194.9604082,191.0730612,80.6807481,57.79273535,45.85897691
C-6-1,C-6-1_I,C,6,1,Stylophora pistillata,31.81368785,I,0,0.412,193.4885714,189.7432653,186.6583674,52.63563786,35.89674343,10.8078017
C-6-1,C-6-1_Middle,C,6,1,Stylophora pistillata,31.81368785,Middle,7,0.343,NA,NA,NA,NA,NA,NA
C-6-1,C-6-1_F,C,6,1,Stylophora pistillata,31.81368785,F,18,0.322,197.4918367,195.7571429,192.8591837,76.91661202,54.6080603,22.2520341
T1-6-1,T1-6-1_I,T1,6,1,Stylophora pistillata,33.65498611,I,0,0.424,193.4885714,189.7432653,186.6583674,54.16058856,35.4130395,11.70861699
T1-6-1,T1-6-1_Middle,T1,6,1,Stylophora pistillata,33.65498611,Middle,7,0.374,NA,NA,NA,NA,NA,NA
T1-6-1,T1-6-1_F,T1,6,1,Stylophora pistillata,33.65498611,F,18,0.312,197.4918367,195.7571429,192.8591837,60.80186019,40.36139614,13.27266727
T2-6-1,T2-6-1_I,T2,6,1,Stylophora pistillata,36.10948895,I,0,0.417,193.4885714,189.7432653,186.6583674,46.34,25.11,14.05
T2-6-1,T2-6-1_Middle,T2,6,1,Stylophora pistillata,36.10948895,Middle,7,0.247,NA,NA,NA,NA,NA,NA
T2-6-1,T2-6-1_F,T2,6,1,Stylophora pistillata,36.10948895,F,18,0.063,197.4769388,197.0173469,194.2402041,109.9066146,84.62034615,44.79280656
T3-6-1,T3-6-1_I,T3,6,1,Stylophora pistillata,37.86072744,I,0,0.406,193.4885714,189.7432653,186.6583674,53.7,35.9,10.01
T3-6-1,T3-6-1_Middle,T3,6,1,Stylophora pistillata,37.86072744,Middle,7,0.237,NA,NA,NA,NA,NA,NA
T3-6-1,T3-6-1_F,T3,6,1,Stylophora pistillata,37.86072744,F,18,0,197.4769388,197.0173469,194.2402041,110.3910869,94.86050174,74.61471515
C-6-2,C-6-2_I,C,6,2,Stylophora pistillata,31.81342634,I,0,0.418,193.4885714,189.7432653,186.6583674,63.30874939,45.59961183,17.68393957
C-6-2,C-6-2_Middle,C,6,2,Stylophora pistillata,31.81342634,Middle,7,0.397,NA,NA,NA,NA,NA,NA
C-6-2,C-6-2_F,C,6,2,Stylophora pistillata,31.81342634,F,18,0.301,196.94,194.8730612,192.0306122,80.94000657,59.06425654,25.57459505
T1-6-2,T1-6-2_I,T1,6,2,Stylophora pistillata,34.09503478,I,0,0.354,193.4885714,189.7432653,186.6583674,62.02617396,43.07216122,10.59320489
T1-6-2,T1-6-2_Middle,T1,6,2,Stylophora pistillata,34.09503478,Middle,7,0.36,NA,NA,NA,NA,NA,NA
T1-6-2,T1-6-2_F,T1,6,2,Stylophora pistillata,34.09503478,F,18,0.292,196.94,194.8730612,192.0306122,69.00383246,48.38798505,11.48112176
T2-6-2,T2-6-2_I,T2,6,2,Stylophora pistillata,35.57866298,I,0,0.42,193.4885714,189.7432653,186.6583674,48.27,26.53,15.84
T2-6-2,T2-6-2_Middle,T2,6,2,Stylophora pistillata,35.57866298,Middle,7,0.084,NA,NA,NA,NA,NA,NA
T2-6-2,T2-6-2_F,T2,6,2,Stylophora pistillata,35.57866298,F,18,0.175,195.9604082,194.9604082,191.0730612,82.94694956,61.59433037,34.81534862
T3-6-2,T3-6-2_I,T3,6,2,Stylophora pistillata,36.32067772,I,0,0.429,193.4885714,189.7432653,186.6583674,56.95,38.97,12.03
T3-6-2,T3-6-2_Middle,T3,6,2,Stylophora pistillata,36.32067772,Middle,7,0.068,NA,NA,NA,NA,NA,NA
T3-6-2,T3-6-2_F,T3,6,2,Stylophora pistillata,36.32067772,F,18,0.09,195.9604082,194.9604082,191.0730612,85.09821413,73.61076876,59.53204675
C-7-1,C-7-1_I,C,7,1,Stylophora pistillata,31.81368785,I,0,0.348,192.4634694,189.9744898,186.4708163,80.38640168,57.79203138,26.01819965
C-7-1,C-7-1_Middle,C,7,1,Stylophora pistillata,31.81368785,Middle,7,0.381,NA,NA,NA,NA,NA,NA
C-7-1,C-7-1_F,C,7,1,Stylophora pistillata,31.81368785,F,18,0.312,197.4918367,195.7571429,192.8591837,82.38396769,59.89116907,25.06124737
T1-7-1,T1-7-1_I,T1,7,1,Stylophora pistillata,33.65498611,I,0,0.343,192.4634694,189.9744898,186.4708163,86.36429608,63.44747125,26.55442671
T1-7-1,T1-7-1_Middle,T1,7,1,Stylophora pistillata,33.65498611,Middle,7,0.335,NA,NA,NA,NA,NA,NA
T1-7-1,T1-7-1_F,T1,7,1,Stylophora pistillata,33.65498611,F,18,0.275,197.4918367,195.7571429,192.8591837,74.1694138,53.60145174,18.77589686
T2-7-1,T2-7-1_I,T2,7,1,Stylophora pistillata,36.10948895,I,0,0.338,192.4634694,189.9744898,186.4708163,85.97338395,62.2570282,26.52160521
T2-7-1,T2-7-1_Middle,T2,7,1,Stylophora pistillata,36.10948895,Middle,7,0.303,NA,NA,NA,NA,NA,NA
T2-7-1,T2-7-1_F,T2,7,1,Stylophora pistillata,36.10948895,F,18,0.082,197.4769388,197.0173469,194.2402041,96.7143326,72.54952563,39.52282356
T3-7-1,T3-7-1_I,T3,7,1,Stylophora pistillata,37.86072744,I,0,0.367,192.4634694,189.9744898,186.4708163,70.76356426,50.01817581,19.05452743
T3-7-1,T3-7-1_Middle,T3,7,1,Stylophora pistillata,37.86072744,Middle,7,0.206,NA,NA,NA,NA,NA,NA
T3-7-1,T3-7-1_F,T3,7,1,Stylophora pistillata,37.86072744,F,18,0,197.4769388,197.0173469,194.2402041,84.34036591,61.93392723,33.40691714
C-7-2,C-7-2_I,C,7,2,Stylophora pistillata,31.81342634,I,0,0.333,192.4634694,189.9744898,186.4708163,84.51325187,59.76108672,21.5265156
C-7-2,C-7-2_Middle,C,7,2,Stylophora pistillata,31.81342634,Middle,7,0.414,NA,NA,NA,NA,NA,NA
C-7-2,C-7-2_F,C,7,2,Stylophora pistillata,31.81342634,F,18,0.281,196.94,194.8730612,192.0306122,90.40288704,63.82776436,20.54204637
T1-7-2,T1-7-2_I,T1,7,2,Stylophora pistillata,34.09503478,I,0,0.354,192.4634694,189.9744898,186.4708163,76.34222766,52.37220182,15.04667483
T1-7-2,T1-7-2_Middle,T1,7,2,Stylophora pistillata,34.09503478,Middle,7,0.418,NA,NA,NA,NA,NA,NA
T1-7-2,T1-7-2_F,T1,7,2,Stylophora pistillata,34.09503478,F,18,0.286,196.94,194.8730612,192.0306122,72.50975144,51.03528416,14.98652775
T2-7-2,T2-7-2_I,T2,7,2,Stylophora pistillata,35.57866298,I,0,0.347,192.4634694,189.9744898,186.4708163,86.39983852,63.74843565,30.91925949
T2-7-2,T2-7-2_Middle,T2,7,2,Stylophora pistillata,35.57866298,Middle,7,0.376,NA,NA,NA,NA,NA,NA
T2-7-2,T2-7-2_F,T2,7,2,Stylophora pistillata,35.57866298,F,18,0.16,195.9604082,194.9604082,191.0730612,107.1329269,80.31370083,42.11981685
T3-7-2,T3-7-2_I,T3,7,2,Stylophora pistillata,36.32067772,I,0,0.376,192.4634694,189.9744898,186.4708163,82.82686489,59.4968436,24.85036046
T3-7-2,T3-7-2_Middle,T3,7,2,Stylophora pistillata,36.32067772,Middle,7,0.321,NA,NA,NA,NA,NA,NA
T3-7-2,T3-7-2_F,T3,7,2,Stylophora pistillata,36.32067772,F,18,0.111,195.9604082,194.9604082,191.0730612,84.40645247,65.53605238,37.45973077
C-8-1,C-8-1_I,C,8,1,Stylophora pistillata,31.81368785,I,0,0.388,192.4634694,189.9744898,186.4708163,72.23029138,51.58513586,15.17022703
C-8-1,C-8-1_Middle,C,8,1,Stylophora pistillata,31.81368785,Middle,7,0.426,NA,NA,NA,NA,NA,NA
C-8-1,C-8-1_F,C,8,1,Stylophora pistillata,31.81368785,F,18,0.334,197.4918367,195.7571429,192.8591837,82.35893206,59.74649579,17.42330177
T1-8-1,T1-8-1_I,T1,8,1,Stylophora pistillata,33.65498611,I,0,0.423,192.4634694,189.9744898,186.4708163,66.15992921,46.89184596,14.19496556
T1-8-1,T1-8-1_Middle,T1,8,1,Stylophora pistillata,33.65498611,Middle,7,0.366,NA,NA,NA,NA,NA,NA
T1-8-1,T1-8-1_F,T1,8,1,Stylophora pistillata,33.65498611,F,18,0.34,197.4918367,195.7571429,192.8591837,68.83771922,49.39378063,14.36603086
T2-8-1,T2-8-1_I,T2,8,1,Stylophora pistillata,36.10948895,I,0,0.456,192.4634694,189.9744898,186.4708163,66.24149103,47.32688803,20.35006955
T2-8-1,T2-8-1_Middle,T2,8,1,Stylophora pistillata,36.10948895,Middle,7,0.214,NA,NA,NA,NA,NA,NA
T2-8-1,T2-8-1_F,T2,8,1,Stylophora pistillata,36.10948895,F,18,0.161,197.4769388,197.0173469,194.2402041,103.8449528,84.55361898,59.52977487
T3-8-1,T3-8-1_I,T3,8,1,Stylophora pistillata,37.86072744,I,0,0.424,192.4634694,189.9744898,186.4708163,59.30568294,41.62260946,16.6629641
T3-8-1,T3-8-1_Middle,T3,8,1,Stylophora pistillata,37.86072744,Middle,7,0.177,NA,NA,NA,NA,NA,NA
T3-8-1,T3-8-1_F,T3,8,1,Stylophora pistillata,37.86072744,F,18,0,197.4769388,197.0173469,194.2402041,88.15415828,68.45441976,44.98250729
C-8-2,C-8-2_I,C,8,2,Stylophora pistillata,31.81342634,I,0,0.414,192.4634694,189.9744898,186.4708163,77.73147257,55.27555342,19.40442733
C-8-2,C-8-2_Middle,C,8,2,Stylophora pistillata,31.81342634,Middle,7,0.25,NA,NA,NA,NA,NA,NA
C-8-2,C-8-2_F,C,8,2,Stylophora pistillata,31.81342634,F,18,0.352,196.94,194.8730612,192.0306122,88.43500907,62.57900397,21.8514013
T1-8-2,T1-8-2_I,T1,8,2,Stylophora pistillata,34.09503478,I,0,0.438,192.4634694,189.9744898,186.4708163,60.49949686,42.58719072,11.65538061
T1-8-2,T1-8-2_Middle,T1,8,2,Stylophora pistillata,34.09503478,Middle,7,0.233,NA,NA,NA,NA,NA,NA
T1-8-2,T1-8-2_F,T1,8,2,Stylophora pistillata,34.09503478,F,18,0.341,196.94,194.8730612,192.0306122,61.37430248,42.92108579,9.571336
T2-8-2,T2-8-2_I,T2,8,2,Stylophora pistillata,35.57866298,I,0,0.434,192.4634694,189.9744898,186.4708163,47.24731788,31.89007703,7.36082873
T2-8-2,T2-8-2_Middle,T2,8,2,Stylophora pistillata,35.57866298,Middle,7,0.1,NA,NA,NA,NA,NA,NA
T2-8-2,T2-8-2_F,T2,8,2,Stylophora pistillata,35.57866298,F,18,0.168,195.9604082,194.9604082,191.0730612,92.24417093,67.44361919,31.44176238
T3-8-2,T3-8-2_I,T3,8,2,Stylophora pistillata,36.32067772,I,0,0.4,192.4634694,189.9744898,186.4708163,53.85615916,37.04521198,10.19644218
T3-8-2,T3-8-2_Middle,T3,8,2,Stylophora pistillata,36.32067772,Middle,7,0,NA,NA,NA,NA,NA,NA
T3-8-2,T3-8-2_F,T3,8,2,Stylophora pistillata,36.32067772,F,18,0.076,195.9604082,194.9604082,191.0730612,74.99529179,63.57722616,44.87639388
C-9-1,C-9-1_I,C,9,1,Stylophora pistillata,31.81368785,I,0,0.381,195.6771429,192.2061225,189.017551,74.47852306,53.47464604,23.33493884
C-9-1,C-9-1_Middle,C,9,1,Stylophora pistillata,31.81368785,Middle,7,0.231,NA,NA,NA,NA,NA,NA
C-9-1,C-9-1_F,C,9,1,Stylophora pistillata,31.81368785,F,18,0.342,197.4918367,195.7571429,192.8591837,79.69559024,55.60191664,18.05215859
T1-9-1,T1-9-1_I,T1,9,1,Stylophora pistillata,33.65498611,I,0,0.385,195.6771429,192.2061225,189.017551,82.92281495,58.57683703,21.41374167
T1-9-1,T1-9-1_Middle,T1,9,1,Stylophora pistillata,33.65498611,Middle,7,0.206,NA,NA,NA,NA,NA,NA
T1-9-1,T1-9-1_F,T1,9,1,Stylophora pistillata,33.65498611,F,18,0.299,197.4918367,195.7571429,192.8591837,68.60331726,47.60751863,14.32131375
T2-9-1,T2-9-1_I,T2,9,1,Stylophora pistillata,36.10948895,I,0,0.4,195.6771429,192.2061225,189.017551,57.28604276,39.79897503,11.65060208
T2-9-1,T2-9-1_Middle,T2,9,1,Stylophora pistillata,36.10948895,Middle,7,0.049,NA,NA,NA,NA,NA,NA
T2-9-1,T2-9-1_F,T2,9,1,Stylophora pistillata,36.10948895,F,18,0.078,197.4769388,197.0173469,194.2402041,90.20646953,69.84271297,41.88435944
T3-9-1,T3-9-1_I,T3,9,1,Stylophora pistillata,37.86072744,I,0,0.402,195.6771429,192.2061225,189.017551,64.50808493,44.74470683,12.26851493
T3-9-1,T3-9-1_Middle,T3,9,1,Stylophora pistillata,37.86072744,Middle,7,0,NA,NA,NA,NA,NA,NA
T3-9-1,T3-9-1_F,T3,9,1,Stylophora pistillata,37.86072744,F,18,0,197.4769388,197.0173469,194.2402041,61.57824372,42.28597529,19.62397773
C-9-2,C-9-2_I,C,9,2,Stylophora pistillata,31.81342634,I,0,0.362,195.6771429,192.2061225,189.017551,78.30842427,55.62748691,21.34806819
C-9-2,C-9-2_Middle,C,9,2,Stylophora pistillata,31.81342634,Middle,7,0.291,NA,NA,NA,NA,NA,NA
C-9-2,C-9-2_F,C,9,2,Stylophora pistillata,31.81342634,F,18,0.304,196.94,194.8730612,192.0306122,80.89730183,57.3390277,20.77101461
T1-9-2,T1-9-2_I,T1,9,2,Stylophora pistillata,34.09503478,I,0,0.412,195.6771429,192.2061225,189.017551,58.52164452,39.20409777,9.86326187
T1-9-2,T1-9-2_Middle,T1,9,2,Stylophora pistillata,34.09503478,Middle,7,0.276,NA,NA,NA,NA,NA,NA
T1-9-2,T1-9-2_F,T1,9,2,Stylophora pistillata,34.09503478,F,18,0.321,196.94,194.8730612,192.0306122,50.60679623,32.97758667,8.12731356
T2-9-2,T2-9-2_I,T2,9,2,Stylophora pistillata,35.57866298,I,0,0.421,195.6771429,192.2061225,189.017551,67.64883351,47.18267701,15.36819829
T2-9-2,T2-9-2_Middle,T2,9,2,Stylophora pistillata,35.57866298,Middle,7,0.112,NA,NA,NA,NA,NA,NA
T2-9-2,T2-9-2_F,T2,9,2,Stylophora pistillata,35.57866298,F,18,0.193,195.9604082,194.9604082,191.0730612,92.80341534,71.10289899,39.65542844
T3-9-2,T3-9-2_I,T3,9,2,Stylophora pistillata,36.32067772,I,0,0.412,195.6771429,192.2061225,189.017551,60.8299384,41.13317234,10.91232675
T3-9-2,T3-9-2_Middle,T3,9,2,Stylophora pistillata,36.32067772,Middle,7,0,NA,NA,NA,NA,NA,NA
T3-9-2,T3-9-2_F,T3,9,2,Stylophora pistillata,36.32067772,F,18,0.113,195.9604082,194.9604082,191.0730612,72.96302474,59.47869753,41.93591882
C-10-1,C-10-1_I,C,10,1,Stylophora pistillata,31.81368785,I,0,0.433,195.6771429,192.2061225,189.017551,74.16447029,52.44833002,21.48918992
C-10-1,C-10-1_Middle,C,10,1,Stylophora pistillata,31.81368785,Middle,7,0.254,NA,NA,NA,NA,NA,NA
C-10-1,C-10-1_F,C,10,1,Stylophora pistillata,31.81368785,F,18,0.374,197.4918367,195.7571429,192.8591837,79.56266721,56.50516936,23.42676733
T1-10-1,T1-10-1_I,T1,10,1,Stylophora pistillata,33.65498611,I,0,0.449,195.6771429,192.2061225,189.017551,69.89121708,48.78669343,18.81366885
T1-10-1,T1-10-1_Middle,T1,10,1,Stylophora pistillata,33.65498611,Middle,7,0.254,NA,NA,NA,NA,NA,NA
T1-10-1,T1-10-1_F,T1,10,1,Stylophora pistillata,33.65498611,F,18,0.353,197.4918367,195.7571429,192.8591837,63.91709876,44.1799444,17.26994322
T2-10-1,T2-10-1_I,T2,10,1,Stylophora pistillata,36.10948895,I,0,0.445,195.6771429,192.2061225,189.017551,61.63709865,41.75391782,12.39657295
T2-10-1,T2-10-1_Middle,T2,10,1,Stylophora pistillata,36.10948895,Middle,7,0.107,NA,NA,NA,NA,NA,NA
T2-10-1,T2-10-1_F,T2,10,1,Stylophora pistillata,36.10948895,F,18,0.019,197.4769388,197.0173469,194.2402041,100.7549979,83.81376263,64.54140362
T3-10-1,T3-10-1_I,T3,10,1,Stylophora pistillata,37.86072744,I,0,0.449,195.6771429,192.2061225,189.017551,50.71280125,33.67803045,10.25522561
T3-10-1,T3-10-1_Middle,T3,10,1,Stylophora pistillata,37.86072744,Middle,7,0,NA,NA,NA,NA,NA,NA
T3-10-1,T3-10-1_F,T3,10,1,Stylophora pistillata,37.86072744,F,18,0,197.4769388,197.0173469,194.2402041,79.26827913,62.96568067,44.94332407
C-10-2,C-10-2_I,C,10,2,Stylophora pistillata,31.81342634,I,0,0.456,195.6771429,192.2061225,189.017551,62.08680775,41.58942984,11.80589132
C-10-2,C-10-2_Middle,C,10,2,Stylophora pistillata,31.81342634,Middle,7,0.307,NA,NA,NA,NA,NA,NA
C-10-2,C-10-2_F,C,10,2,Stylophora pistillata,31.81342634,F,18,0.349,196.94,194.8730612,192.0306122,71.80642607,49.90461582,18.90976549
T1-10-2,T1-10-2_I,T1,10,2,Stylophora pistillata,34.09503478,I,0,0.436,195.6771429,192.2061225,189.017551,70.30285446,47.70750106,14.62604057
T1-10-2,T1-10-2_Middle,T1,10,2,Stylophora pistillata,34.09503478,Middle,7,0.259,NA,NA,NA,NA,NA,NA
T1-10-2,T1-10-2_F,T1,10,2,Stylophora pistillata,34.09503478,F,18,0.304,196.94,194.8730612,192.0306122,64.89138401,44.12103738,12.44384244
T2-10-2,T2-10-2_I,T2,10,2,Stylophora pistillata,35.57866298,I,0,0.45,195.6771429,192.2061225,189.017551,58.11997673,39.66444566,12.35974333
T2-10-2,T2-10-2_Middle,T2,10,2,Stylophora pistillata,35.57866298,Middle,7,0.096,NA,NA,NA,NA,NA,NA
T2-10-2,T2-10-2_F,T2,10,2,Stylophora pistillata,35.57866298,F,18,0.15,195.9604082,194.9604082,191.0730612,107.93563,89.39212188,67.42327752
T3-10-2,T3-10-2_I,T3,10,2,Stylophora pistillata,36.32067772,I,0,0.447,195.6771429,192.2061225,189.017551,68.66199336,48.97193663,22.24463578
T3-10-2,T3-10-2_Middle,T3,10,2,Stylophora pistillata,36.32067772,Middle,7,0,NA,NA,NA,NA,NA,NA
T3-10-2,T3-10-2_F,T3,10,2,Stylophora pistillata,36.32067772,F,18,0.056,195.9604082,194.9604082,191.0730612,92.64583069,78.31941721,57.8129484
