Tag,ID,FvFm,Treatment,Genotype,Replicate,Species,Temperature,Phase,Time,D_toWhite,R_blank,G_blank,B_blank,R_coral,G_coral,B_coral
C-1-1_F,C-1-1,0.354,C,1,1,Acropora hemprichii,31.81368785,F,18,66.20766521,203.3483167,198.3070401,195.4294749,58.06710185,31.61036093,27.91362666
C-1-1_I,C-1-1,0.444,C,1,1,Acropora hemprichii,31.81368785,I,0,63.63525892,191.8849685,185.8994694,185.0367903,52.69055414,27.31984964,24.52193525
C-1-1_Middle,C-1-1,0.322,C,1,1,Acropora hemprichii,31.81368785,Middle,7,NA,NA,NA,NA,NA,NA,NA
C-1-2_F,C-1-2,0.384,C,1,2,Acropora hemprichii,31.81342634,F,18,66.00983283,202.7859978,197.5462694,195.2656371,59.34466251,31.33109395,25.31173297
C-1-2_I,C-1-2,0.546,C,1,2,Acropora hemprichii,31.81342634,I,0,64.27969692,191.8849685,185.8994694,185.0367903,51.62477184,26.30277653,21.48029805
C-1-2_Middle,C-1-2,0.372,C,1,2,Acropora hemprichii,31.81342634,Middle,7,NA,NA,NA,NA,NA,NA,NA
T1-1-1_F,T1-1-1,0.416,T1,1,1,Acropora hemprichii,33.65498611,F,18,69.02052139,203.3483167,198.3070401,195.4294749,49.57042044,26.04539196,19.56388596
T1-1-1_I,T1-1-1,0.545,T1,1,1,Acropora hemprichii,33.65498611,I,0,66.29302151,191.8849685,185.8994694,185.0367903,44.11990402,22.31887634,18.76800145
T1-1-1_Middle,T1-1-1,0.38,T1,1,1,Acropora hemprichii,33.65498611,Middle,7,NA,NA,NA,NA,NA,NA,NA
T1-1-2_F,T1-1-2,0.42,T1,1,2,Acropora hemprichii,34.09503478,F,18,68.16120032,202.7859978,197.5462694,195.2656371,55.84463512,27.25694196,18.23988665
T1-1-2_I,T1-1-2,0.545,T1,1,2,Acropora hemprichii,34.09503478,I,0,66.21958357,191.8849685,185.8994694,185.0367903,46.49853567,22.22448107,17.09343936
T1-1-2_Middle,T1-1-2,0.261,T1,1,2,Acropora hemprichii,34.09503478,Middle,7,NA,NA,NA,NA,NA,NA,NA
T2-1-1_F,T2-1-1,0.182,T2,1,1,Acropora hemprichii,36.10948895,F,18,40.98841779,203.06107,197.9103429,195.4444993,112.0141237,88.17956851,89.42900745
T2-1-1_I,T2-1-1,0.568,T2,1,1,Acropora hemprichii,36.10948895,I,0,65.82648854,191.8849685,185.8994694,185.0367903,44.23734366,23.67074027,20.98741517
T2-1-1_Middle,T2-1-1,0.31,T2,1,1,Acropora hemprichii,36.10948895,Middle,7,NA,NA,NA,NA,NA,NA,NA
T2-1-2_F,T2-1-2,0.298,T2,1,2,Acropora hemprichii,35.57866298,F,18,41.01695172,202.9671618,197.6083968,195.5745627,110.5487213,88.45843269,91.97110983
T2-1-2_I,T2-1-2,0.465,T2,1,2,Acropora hemprichii,35.57866298,I,0,64.03902433,191.8849685,185.8994694,185.0367903,51.62550836,26.42603778,24.79773794
T2-1-2_Middle,T2-1-2,0.135,T2,1,2,Acropora hemprichii,35.57866298,Middle,7,NA,NA,NA,NA,NA,NA,NA
T3-1-1_F,T3-1-1,0,T3,1,1,Acropora hemprichii,37.86072744,F,18,45.74806987,203.06107,197.9103429,195.4444993,101.8368606,79.85627148,66.76976478
T3-1-1_I,T3-1-1,0.544,T3,1,1,Acropora hemprichii,37.86072744,I,0,59.61151755,191.8849685,185.8994694,185.0367903,60.90708762,36.21296117,31.80505585
T3-1-1_Middle,T3-1-1,0,T3,1,1,Acropora hemprichii,37.86072744,Middle,7,NA,NA,NA,NA,NA,NA,NA
T3-1-2_F,T3-1-2,0.175,T3,1,2,Acropora hemprichii,36.32067772,F,18,41.68204362,202.9671618,197.6083968,195.5745627,103.7605068,87.14458736,92.52958845
T3-1-2_I,T3-1-2,0.491,T3,1,2,Acropora hemprichii,36.32067772,I,0,68.6083558,191.8849685,185.8994694,185.0367903,38.05069072,17.87186885,16.71880314
T3-1-2_Middle,T3-1-2,0,T3,1,2,Acropora hemprichii,36.32067772,Middle,7,NA,NA,NA,NA,NA,NA,NA
C-2-1_F,C-2-1,0.385,C,2,1,Acropora hemprichii,31.81368785,F,18,67.74417498,203.3483167,198.3070401,195.4294749,54.41949442,28.82599248,23.0970578
C-2-1_I,C-2-1,0.555,C,2,1,Acropora hemprichii,31.81368785,I,0,67.01089546,191.8849685,185.8994694,185.0367903,40.23304393,21.32375275,17.41899702
C-2-1_Middle,C-2-1,0.376,C,2,1,Acropora hemprichii,31.81368785,Middle,7,NA,NA,NA,NA,NA,NA,NA
C-2-2_F,C-2-2,0.427,C,2,2,Acropora hemprichii,31.81342634,F,18,68.313698,202.7859978,197.5462694,195.2656371,50.47386136,26.66610569,24.75237825
C-2-2_I,C-2-2,0.544,C,2,2,Acropora hemprichii,31.81342634,I,0,67.73648673,191.8849685,185.8994694,185.0367903,39.53952752,19.4023304,18.84384314
C-2-2_Middle,C-2-2,0.452,C,2,2,Acropora hemprichii,31.81342634,Middle,7,NA,NA,NA,NA,NA,NA,NA
T1-2-1_F,T1-2-1,0.338,T1,2,1,Acropora hemprichii,33.65498611,F,18,64.35496571,203.3483167,198.3070401,195.4294749,64.65359992,36.76111987,26.28823276
T1-2-1_I,T1-2-1,0.47,T1,2,1,Acropora hemprichii,33.65498611,I,0,61.77358482,191.8849685,185.8994694,185.0367903,59.86430856,32.27770809,23.33368081
T1-2-1_Middle,T1-2-1,0.422,T1,2,1,Acropora hemprichii,33.65498611,Middle,7,NA,NA,NA,NA,NA,NA,NA
T1-2-2_F,T1-2-2,0.431,T1,2,2,Acropora hemprichii,34.09503478,F,18,61.48388644,202.7859978,197.5462694,195.2656371,69.05385047,41.2915498,34.74927879
T1-2-2_I,T1-2-2,0.563,T1,2,2,Acropora hemprichii,34.09503478,I,0,66.22950936,191.8849685,185.8994694,185.0367903,44.90147351,22.73527329,19.61267154
T1-2-2_Middle,T1-2-2,0.389,T1,2,2,Acropora hemprichii,34.09503478,Middle,7,NA,NA,NA,NA,NA,NA,NA
T2-2-1_F,T2-2-1,0.058,T2,2,1,Acropora hemprichii,36.10948895,F,18,40.69299713,203.06107,197.9103429,195.4444993,111.9779232,90.76155066,82.52971115
T2-2-1_I,T2-2-1,0.514,T2,2,1,Acropora hemprichii,36.10948895,I,0,58.93908499,191.8849685,185.8994694,185.0367903,64.29686628,37.88402009,33.87200799
T2-2-1_Middle,T2-2-1,0.272,T2,2,1,Acropora hemprichii,36.10948895,Middle,7,NA,NA,NA,NA,NA,NA,NA
T2-2-2_F,T2-2-2,0.201,T2,2,2,Acropora hemprichii,35.57866298,F,18,40.38956509,202.9671618,197.6083968,195.5745627,111.1247002,91.91028317,82.58453008
T2-2-2_I,T2-2-2,0.569,T2,2,2,Acropora hemprichii,35.57866298,I,0,65.4906245,191.8849685,185.8994694,185.0367903,46.26176688,24.77818507,18.50542139
T2-2-2_Middle,T2-2-2,0.381,T2,2,2,Acropora hemprichii,35.57866298,Middle,7,NA,NA,NA,NA,NA,NA,NA
T3-2-1_F,T3-2-1,0,T3,2,1,Acropora hemprichii,37.86072744,F,18,54.32638591,203.06107,197.9103429,195.4444993,84.50697509,60.43204992,43.35037792
T3-2-1_I,T3-2-1,0.56,T3,2,1,Acropora hemprichii,37.86072744,I,0,68.90562812,191.8849685,185.8994694,185.0367903,35.74209471,17.82982416,15.69686102
T3-2-1_Middle,T3-2-1,0,T3,2,1,Acropora hemprichii,37.86072744,Middle,7,NA,NA,NA,NA,NA,NA,NA
T3-2-2_F,T3-2-2,0.062,T3,2,2,Acropora hemprichii,36.32067772,F,18,44.78740392,202.9671618,197.6083968,195.5745627,103.6622437,82.57717732,67.37215923
T3-2-2_I,T3-2-2,0.422,T3,2,2,Acropora hemprichii,36.32067772,I,0,65.78814306,191.8849685,185.8994694,185.0367903,49.28645812,23.59850125,16.92647119
T3-2-2_Middle,T3-2-2,0,T3,2,2,Acropora hemprichii,36.32067772,Middle,7,NA,NA,NA,NA,NA,NA,NA
C-3-1_F,C-3-1,0.413,C,3,1,Acropora hemprichii,31.81368785,F,18,67.36124038,203.3483167,198.3070401,195.4294749,58.84206115,30.89064316,18.09581227
C-3-1_I,C-3-1,0.492,C,3,1,Acropora hemprichii,31.81368785,I,0,67.09263043,191.8849685,185.8994694,185.0367903,42.46787184,21.57359431,13.00109712
C-3-1_Middle,C-3-1,0.428,C,3,1,Acropora hemprichii,31.81368785,Middle,7,NA,NA,NA,NA,NA,NA,NA
C-3-2_F,C-3-2,0.417,C,3,2,Acropora hemprichii,31.81342634,F,18,67.51486568,202.7859978,197.5462694,195.2656371,58.50230583,29.75065534,17.79701456
C-3-2_I,C-3-2,0.528,C,3,2,Acropora hemprichii,31.81342634,I,0,68.05865937,191.8849685,185.8994694,185.0367903,40.02275302,19.02222276,10.95290318
C-3-2_Middle,C-3-2,0.28,C,3,2,Acropora hemprichii,31.81342634,Middle,7,NA,NA,NA,NA,NA,NA,NA
T1-3-1_F,T1-3-1,0.468,T1,3,1,Acropora hemprichii,33.65498611,F,18,61.71508876,203.3483167,198.3070401,195.4294749,73.64199766,44.47339651,26.92538956
T1-3-1_I,T1-3-1,0.599,T1,3,1,Acropora hemprichii,33.65498611,I,0,67.72191534,191.8849685,185.8994694,185.0367903,41.41248337,20.27113826,9.81640861
T1-3-1_Middle,T1-3-1,0.359,T1,3,1,Acropora hemprichii,33.65498611,Middle,7,NA,NA,NA,NA,NA,NA,NA
T1-3-2_F,T1-3-2,0.384,T1,3,2,Acropora hemprichii,34.09503478,F,18,62.22901084,202.7859978,197.5462694,195.2656371,72.32823314,42.43088788,25.98356239
T1-3-2_I,T1-3-2,0.493,T1,3,2,Acropora hemprichii,34.09503478,I,0,68.17414075,191.8849685,185.8994694,185.0367903,38.28017164,19.43089447,11.90529946
T1-3-2_Middle,T1-3-2,0.27,T1,3,2,Acropora hemprichii,34.09503478,Middle,7,NA,NA,NA,NA,NA,NA,NA
T2-3-1_F,T2-3-1,0.107,T2,3,1,Acropora hemprichii,36.10948895,F,18,41.13722391,203.06107,197.9103429,195.4444993,119.8934088,91.9749833,76.75142475
T2-3-1_I,T2-3-1,0.575,T2,3,1,Acropora hemprichii,36.10948895,I,0,67.69378465,191.8849685,185.8994694,185.0367903,42.36,21.2,12.77
T2-3-1_Middle,T2-3-1,0.132,T2,3,1,Acropora hemprichii,36.10948895,Middle,7,NA,NA,NA,NA,NA,NA,NA
T2-3-2_F,T2-3-2,0.196,T2,3,2,Acropora hemprichii,35.57866298,F,18,45.37304604,202.9671618,197.6083968,195.5745627,98.33077602,79.21398609,70.92595761
T2-3-2_I,T2-3-2,0.571,T2,3,2,Acropora hemprichii,35.57866298,I,0,68.13879468,191.8849685,185.8994694,185.0367903,41.15,20.45,11.88
T2-3-2_Middle,T2-3-2,0.112,T2,3,2,Acropora hemprichii,35.57866298,Middle,7,NA,NA,NA,NA,NA,NA,NA
T3-3-1_F,T3-3-1,0,T3,3,1,Acropora hemprichii,37.86072744,F,18,58.83317269,203.06107,197.9103429,195.4444993,76.25497604,50.96282867,32.32422222
T3-3-1_I,T3-3-1,0.5,T3,3,1,Acropora hemprichii,37.86072744,I,0,67.98735649,191.8849685,185.8994694,185.0367903,39.94,19.7,10.97
T3-3-1_Middle,T3-3-1,0,T3,3,1,Acropora hemprichii,37.86072744,Middle,7,NA,NA,NA,NA,NA,NA,NA
T3-3-2_F,T3-3-2,0.121,T3,3,2,Acropora hemprichii,36.32067772,F,18,58.1638041,202.9671618,197.6083968,195.5745627,71.26526549,50.5675885,38.38702065
T3-3-2_I,T3-3-2,0.577,T3,3,2,Acropora hemprichii,36.32067772,I,0,67.68439725,191.8849685,185.8994694,185.0367903,38.73,18.95,10.07
T3-3-2_Middle,T3-3-2,0,T3,3,2,Acropora hemprichii,36.32067772,Middle,7,NA,NA,NA,NA,NA,NA,NA
C-4-1_F,C-4-1,0.473,C,4,1,Acropora hemprichii,31.81368785,F,18,69.44626134,203.3483167,198.3070401,195.4294749,46.84205459,25.47461685,21.01641904
C-4-1_I,C-4-1,0.539,C,4,1,Acropora hemprichii,31.81368785,I,0,63.19600811,189.4926103,182.3939287,181.3370145,49.50019456,26.70402257,22.5234204
C-4-1_Middle,C-4-1,0.26,C,4,1,Acropora hemprichii,31.81368785,Middle,7,NA,NA,NA,NA,NA,NA,NA
C-4-2_F,C-4-2,0.432,C,4,2,Acropora hemprichii,31.81342634,F,18,66.24523256,202.7859978,197.5462694,195.2656371,58.02958828,32.52994208,20.96899651
C-4-2_I,C-4-2,0.507,C,4,2,Acropora hemprichii,31.81342634,I,0,60.0363559,189.4926103,182.3939287,181.3370145,58.98123562,34.34228815,23.70954755
C-4-2_Middle,C-4-2,0.284,C,4,2,Acropora hemprichii,31.81342634,Middle,7,NA,NA,NA,NA,NA,NA,NA
T1-4-1_F,T1-4-1,0.416,T1,4,1,Acropora hemprichii,33.65498611,F,18,69.77196588,203.3483167,198.3070401,195.4294749,48.82980457,25.89678721,14.29288264
T1-4-1_I,T1-4-1,0.495,T1,4,1,Acropora hemprichii,33.65498611,I,0,63.64353282,189.4926103,182.3939287,181.3370145,50.43108684,26.87978154,16.26344074
T1-4-1_Middle,T1-4-1,0.212,T1,4,1,Acropora hemprichii,33.65498611,Middle,7,NA,NA,NA,NA,NA,NA,NA
T1-4-2_F,T1-4-2,0.442,T1,4,2,Acropora hemprichii,34.09503478,F,18,68.86255816,202.7859978,197.5462694,195.2656371,48.39534884,26.43696791,18.36066987
T1-4-2_I,T1-4-2,0.538,T1,4,2,Acropora hemprichii,34.09503478,I,0,63.50050152,189.4926103,182.3939287,181.3370145,48.51625752,26.0765113,19.71415955
T1-4-2_Middle,T1-4-2,0.275,T1,4,2,Acropora hemprichii,34.09503478,Middle,7,NA,NA,NA,NA,NA,NA,NA
T2-4-1_F,T2-4-1,0.287,T2,4,1,Acropora hemprichii,36.10948895,F,18,45.65176793,203.06107,197.9103429,195.4444993,97.59133316,77.50841239,79.85321209
T2-4-1_I,T2-4-1,0.5,T2,4,1,Acropora hemprichii,36.10948895,I,0,64.23583206,189.4926103,182.3939287,181.3370145,45.27178599,24.46414441,21.51729297
T2-4-1_Middle,T2-4-1,0.122,T2,4,1,Acropora hemprichii,36.10948895,Middle,7,NA,NA,NA,NA,NA,NA,NA
T2-4-2_F,T2-4-2,0.443,T2,4,2,Acropora hemprichii,35.57866298,F,18,56.67063705,202.9671618,197.6083968,195.5745627,77.11666757,51.58052201,50.682244
T2-4-2_I,T2-4-2,0.529,T2,4,2,Acropora hemprichii,35.57866298,I,0,63.2679636,189.4926103,182.3939287,181.3370145,47.81466659,26.12389811,23.13168568
T2-4-2_Middle,T2-4-2,0.206,T2,4,2,Acropora hemprichii,35.57866298,Middle,7,NA,NA,NA,NA,NA,NA,NA
T3-4-1_F,T3-4-1,0,T3,4,1,Acropora hemprichii,37.86072744,F,18,45.97717861,203.06107,197.9103429,195.4444993,99.79879935,80.31272154,63.2228164
T3-4-1_I,T3-4-1,0.472,T3,4,1,Acropora hemprichii,37.86072744,I,0,63.50095691,189.4926103,182.3939287,181.3370145,51.14728806,26.25076245,17.14513525
T3-4-1_Middle,T3-4-1,0,T3,4,1,Acropora hemprichii,37.86072744,Middle,7,NA,NA,NA,NA,NA,NA,NA
T3-4-2_F,T3-4-2,0.216,T3,4,2,Acropora hemprichii,36.32067772,F,18,51.02407517,202.9671618,197.6083968,195.5745627,84.50563492,65.55699862,60.6327873
T3-4-2_I,T3-4-2,0.523,T3,4,2,Acropora hemprichii,36.32067772,I,0,64.71814627,189.4926103,182.3939287,181.3370145,44.48316324,23.19383653,20.11149921
T3-4-2_Middle,T3-4-2,0.022,T3,4,2,Acropora hemprichii,36.32067772,Middle,7,NA,NA,NA,NA,NA,NA,NA
C-5-1_F,C-5-1,0.451,C,5,1,Acropora hemprichii,31.81368785,F,18,70.17243696,203.3483167,198.3070401,195.4294749,50.11131517,23.0965313,16.10259177
C-5-1_I,C-5-1,0.532,C,5,1,Acropora hemprichii,31.81368785,I,0,65.94670056,189.4926103,182.3939287,181.3370145,46.71187569,20.49300777,14.06872364
C-5-1_Middle,C-5-1,0.283,C,5,1,Acropora hemprichii,31.81368785,Middle,7,NA,NA,NA,NA,NA,NA,NA
C-5-2_F,C-5-2,0.448,C,5,2,Acropora hemprichii,31.81342634,F,18,71.8974089,202.7859978,197.5462694,195.2656371,43.80807245,19.4109185,12.56905563
C-5-2_I,C-5-2,0.532,C,5,2,Acropora hemprichii,31.81342634,I,0,66.62044558,189.4926103,182.3939287,181.3370145,42.71608704,19.1952397,13.06434336
C-5-2_Middle,C-5-2,0.313,C,5,2,Acropora hemprichii,31.81342634,Middle,7,NA,NA,NA,NA,NA,NA,NA
T1-5-1_F,T1-5-1,0.396,T1,5,1,Acropora hemprichii,33.65498611,F,18,65.88480262,203.3483167,198.3070401,195.4294749,59.9852113,32.58806991,26.87814383
T1-5-1_I,T1-5-1,0.516,T1,5,1,Acropora hemprichii,33.65498611,I,0,66.02674508,189.4926103,182.3939287,181.3370145,44.93868347,20.94706716,15.38854037
T1-5-1_Middle,T1-5-1,0.244,T1,5,1,Acropora hemprichii,33.65498611,Middle,7,NA,NA,NA,NA,NA,NA,NA
T1-5-2_F,T1-5-2,0.392,T1,5,2,Acropora hemprichii,34.09503478,F,18,73.9862198,202.7859978,197.5462694,195.2656371,33.52661034,15.1832704,13.6840175
T1-5-2_I,T1-5-2,0.457,T1,5,2,Acropora hemprichii,34.09503478,I,0,68.99625291,189.4926103,182.3939287,181.3370145,32.60225193,14.24133286,14.09795649
T1-5-2_Middle,T1-5-2,0.303,T1,5,2,Acropora hemprichii,34.09503478,Middle,7,NA,NA,NA,NA,NA,NA,NA
T2-5-1_F,T2-5-1,0,T2,5,1,Acropora hemprichii,36.10948895,F,18,50.01564584,203.06107,197.9103429,195.4444993,91.47334361,68.72765794,58.21646122
T2-5-1_I,T2-5-1,0.514,T2,5,1,Acropora hemprichii,36.10948895,I,0,60.17116767,189.4926103,182.3939287,181.3370145,60.61721697,32.98613126,27.18331109
T2-5-1_Middle,T2-5-1,0.122,T2,5,1,Acropora hemprichii,36.10948895,Middle,7,NA,NA,NA,NA,NA,NA,NA
T2-5-2_F,T2-5-2,0.29,T2,5,2,Acropora hemprichii,35.57866298,F,18,52.34405245,202.9671618,197.6083968,195.5745627,84.33486667,62.48046837,55.66102529
T2-5-2_I,T2-5-2,0.519,T2,5,2,Acropora hemprichii,35.57866298,I,0,65.68437644,189.4926103,182.3939287,181.3370145,46.01968238,21.13602601,13.85069401
T2-5-2_Middle,T2-5-2,0.097,T2,5,2,Acropora hemprichii,35.57866298,Middle,7,NA,NA,NA,NA,NA,NA,NA
T3-5-1_F,T3-5-1,0,T3,5,1,Acropora hemprichii,37.86072744,F,18,54.87229494,203.06107,197.9103429,195.4444993,86.00025187,59.42477287,41.3060358
T3-5-1_I,T3-5-1,0.529,T3,5,1,Acropora hemprichii,37.86072744,I,0,67.70937138,189.4926103,182.3939287,181.3370145,38.99721582,17.23474918,11.20836579
T3-5-1_Middle,T3-5-1,0,T3,5,1,Acropora hemprichii,37.86072744,Middle,7,NA,NA,NA,NA,NA,NA,NA
T3-5-2_F,T3-5-2,0.144,T3,5,2,Acropora hemprichii,36.32067772,F,18,55.20630073,202.9671618,197.6083968,195.5745627,79.12730323,56.31063608,46.50334095
T3-5-2_I,T3-5-2,0.528,T3,5,2,Acropora hemprichii,36.32067772,I,0,67.79259003,189.4926103,182.3939287,181.3370145,37.49742726,17.27928472,11.54033795
T3-5-2_Middle,T3-5-2,0,T3,5,2,Acropora hemprichii,36.32067772,Middle,7,NA,NA,NA,NA,NA,NA,NA
C-6-1_F,C-6-1,0.322,C,6,1,Stylophora pistillata,31.81368785,F,18,60.76846914,203.3483167,198.3070401,195.4294749,79.74115449,51.26667699,21.71681784
C-6-1_I,C-6-1,0.412,C,6,1,Stylophora pistillata,31.81368785,I,0,63.22503421,189.4926103,182.3939287,181.3370145,51.14276594,30.02200793,8.71184732
C-6-1_Middle,C-6-1,0.343,C,6,1,Stylophora pistillata,31.81368785,Middle,7,NA,NA,NA,NA,NA,NA,NA
C-6-2_F,C-6-2,0.301,C,6,2,Stylophora pistillata,31.81342634,F,18,58.26178103,202.7859978,197.5462694,195.2656371,85.45138702,57.42383383,26.2228926
C-6-2_I,C-6-2,0.418,C,6,2,Stylophora pistillata,31.81342634,I,0,59.37111244,189.4926103,182.3939287,181.3370145,62.48605794,40.2544426,16.05393977
C-6-2_Middle,C-6-2,0.397,C,6,2,Stylophora pistillata,31.81342634,Middle,7,NA,NA,NA,NA,NA,NA,NA
T1-6-1_F,T1-6-1,0.312,T1,6,1,Stylophora pistillata,33.65498611,F,18,66.42617504,203.3483167,198.3070401,195.4294749,59.03836447,35.64187732,13.16884438
T1-6-1_I,T1-6-1,0.424,T1,6,1,Stylophora pistillata,33.65498611,I,0,63.7129001,189.4926103,182.3939287,181.3370145,48.99549304,28.74650498,10.61599034
T1-6-1_Middle,T1-6-1,0.374,T1,6,1,Stylophora pistillata,33.65498611,Middle,7,NA,NA,NA,NA,NA,NA,NA
T1-6-2_F,T1-6-2,0.292,T1,6,2,Stylophora pistillata,34.09503478,F,18,64.27168718,202.7859978,197.5462694,195.2656371,70.47947211,44.02266914,10.77629146
T1-6-2_I,T1-6-2,0.354,T1,6,2,Stylophora pistillata,34.09503478,I,0,61.79947948,189.4926103,182.3939287,181.3370145,57.80222975,35.24858429,8.54219335
T1-6-2_Middle,T1-6-2,0.36,T1,6,2,Stylophora pistillata,34.09503478,Middle,7,NA,NA,NA,NA,NA,NA,NA
T2-6-1_F,T2-6-1,0.063,T2,6,1,Stylophora pistillata,36.10948895,F,18,48.98515348,203.06107,197.9103429,195.4444993,111.2106561,81.83683288,48.05696297
T2-6-1_I,T2-6-1,0.417,T2,6,1,Stylophora pistillata,36.10948895,I,0,62.93768465,189.4926103,182.3939287,181.3370145,57.17,35.32,12.15
T2-6-1_Middle,T2-6-1,0.247,T2,6,1,Stylophora pistillata,36.10948895,Middle,7,NA,NA,NA,NA,NA,NA,NA
T2-6-2_F,T2-6-2,0.175,T2,6,2,Stylophora pistillata,35.57866298,F,18,55.71308248,202.9671618,197.6083968,195.5745627,87.12364372,60.01200483,35.63761739
T2-6-2_I,T2-6-2,0.42,T2,6,2,Stylophora pistillata,35.57866298,I,0,60.97635729,189.4926103,182.3939287,181.3370145,53.05,31.81,9.81
T2-6-2_Middle,T2-6-2,0.084,T2,6,2,Stylophora pistillata,35.57866298,Middle,7,NA,NA,NA,NA,NA,NA,NA
T3-6-1_F,T3-6-1,0,T3,6,1,Stylophora pistillata,37.86072744,F,18,39.86776648,203.06107,197.9103429,195.4444993,114.4628404,95.88129384,78.60111323
T3-6-1_I,T3-6-1,0.406,T3,6,1,Stylophora pistillata,37.86072744,I,0,61.93845297,189.4926103,182.3939287,181.3370145,61.29,38.83,14.49
T3-6-1_Middle,T3-6-1,0.237,T3,6,1,Stylophora pistillata,37.86072744,Middle,7,NA,NA,NA,NA,NA,NA,NA
T3-6-2_F,T3-6-2,0.09,T3,6,2,Stylophora pistillata,36.32067772,F,18,49.6760882,202.9671618,197.6083968,195.5745627,85.21653837,70.70124237,58.34721332
T3-6-2_I,T3-6-2,0.429,T3,6,2,Stylophora pistillata,36.32067772,I,0,62.98365742,189.4926103,182.3939287,181.3370145,48.92,28.3,7.48
T3-6-2_Middle,T3-6-2,0.068,T3,6,2,Stylophora pistillata,36.32067772,Middle,7,NA,NA,NA,NA,NA,NA,NA
C-7-1_F,C-7-1,0.312,C,7,1,Stylophora pistillata,31.81368785,F,18,58.61118738,203.3483167,198.3070401,195.4294749,83.83863118,56.70866525,26.67247253
C-7-1_I,C-7-1,0.348,C,7,1,Stylophora pistillata,31.81368785,I,0,55.94630898,195.2195438,189.7116959,188.1831141,82.08160819,55.08695218,27.92126358
C-7-1_Middle,C-7-1,0.381,C,7,1,Stylophora pistillata,31.81368785,Middle,7,NA,NA,NA,NA,NA,NA,NA
C-7-2_F,C-7-2,0.281,C,7,2,Stylophora pistillata,31.81342634,F,18,58.89701891,202.7859978,197.5462694,195.2656371,91.10028327,59.60159373,22.47637201
C-7-2_I,C-7-2,0.333,C,7,2,Stylophora pistillata,31.81342634,I,0,56.9027355,195.2195438,189.7116959,188.1831141,85.67110428,55.78779899,23.13047083
C-7-2_Middle,C-7-2,0.414,C,7,2,Stylophora pistillata,31.81342634,Middle,7,NA,NA,NA,NA,NA,NA,NA
T1-7-1_F,T1-7-1,0.275,T1,7,1,Stylophora pistillata,33.65498611,F,18,61.88357809,203.3483167,198.3070401,195.4294749,73.13160215,48.93970239,19.72359809
T1-7-1_I,T1-7-1,0.343,T1,7,1,Stylophora pistillata,33.65498611,I,0,54.75506997,195.2195438,189.7116959,188.1831141,87.62534781,60.24791315,28.72275692
T1-7-1_Middle,T1-7-1,0.335,T1,7,1,Stylophora pistillata,33.65498611,Middle,7,NA,NA,NA,NA,NA,NA,NA
T1-7-2_F,T1-7-2,0.286,T1,7,2,Stylophora pistillata,34.09503478,F,18,62.97199395,202.7859978,197.5462694,195.2656371,72.51569627,46.03303223,15.12170945
T1-7-2_I,T1-7-2,0.354,T1,7,2,Stylophora pistillata,34.09503478,I,0,59.8399231,195.2195438,189.7116959,188.1831141,77.48703625,48.20482438,16.1470165
T1-7-2_Middle,T1-7-2,0.418,T1,7,2,Stylophora pistillata,34.09503478,Middle,7,NA,NA,NA,NA,NA,NA,NA
T2-7-1_F,T2-7-1,0.082,T2,7,1,Stylophora pistillata,36.10948895,F,18,52.13044499,203.06107,197.9103429,195.4444993,97.62310195,70.07592191,42.33914799
T2-7-1_I,T2-7-1,0.338,T2,7,1,Stylophora pistillata,36.10948895,I,0,55.1363183,195.2195438,189.7116959,188.1831141,86.6765415,58.48624816,28.22386927
T2-7-1_Middle,T2-7-1,0.303,T2,7,1,Stylophora pistillata,36.10948895,Middle,7,NA,NA,NA,NA,NA,NA,NA
T2-7-2_F,T2-7-2,0.16,T2,7,2,Stylophora pistillata,35.57866298,F,18,51.66153866,202.9671618,197.6083968,195.5745627,102.9182937,73.22504621,42.39830753
T2-7-2_I,T2-7-2,0.347,T2,7,2,Stylophora pistillata,35.57866298,I,0,53.645383,195.2195438,189.7116959,188.1831141,89.2246685,61.48967976,32.57718289
T2-7-2_Middle,T2-7-2,0.376,T2,7,2,Stylophora pistillata,35.57866298,Middle,7,NA,NA,NA,NA,NA,NA,NA
T3-7-1_F,T3-7-1,0,T3,7,1,Stylophora pistillata,37.86072744,F,18,56.13795779,203.06107,197.9103429,195.4444993,84.89562715,59.22531059,34.81483821
T3-7-1_I,T3-7-1,0.367,T3,7,1,Stylophora pistillata,37.86072744,I,0,59.89348522,195.2195438,189.7116959,188.1831141,70.82937028,45.8914061,19.45659365
T3-7-1_Middle,T3-7-1,0.206,T3,7,1,Stylophora pistillata,37.86072744,Middle,7,NA,NA,NA,NA,NA,NA,NA
T3-7-2_F,T3-7-2,0.111,T3,7,2,Stylophora pistillata,36.32067772,F,18,54.67953591,202.9671618,197.6083968,195.5745627,85.09324423,62.56237651,38.19590879
T3-7-2_I,T3-7-2,0.376,T3,7,2,Stylophora pistillata,36.32067772,I,0,55.96775803,195.2195438,189.7116959,188.1831141,83.78126802,56.17409358,26.9250644
T3-7-2_Middle,T3-7-2,0.321,T3,7,2,Stylophora pistillata,36.32067772,Middle,7,NA,NA,NA,NA,NA,NA,NA
C-8-1_F,C-8-1,0.334,C,8,1,Stylophora pistillata,31.81368785,F,18,60.95752262,203.3483167,198.3070401,195.4294749,82.75443864,54.32588571,17.44670235
C-8-1_I,C-8-1,0.388,C,8,1,Stylophora pistillata,31.81368785,I,0,60.44155078,195.2195438,189.7116959,188.1831141,73.1374158,47.02376435,14.99117731
C-8-1_Middle,C-8-1,0.426,C,8,1,Stylophora pistillata,31.81368785,Middle,7,NA,NA,NA,NA,NA,NA,NA
C-8-2_F,C-8-2,0.352,C,8,2,Stylophora pistillata,31.81342634,F,18,58.96760915,202.7859978,197.5462694,195.2656371,87.59530952,57.73149032,23.81773248
C-8-2_I,C-8-2,0.414,C,8,2,Stylophora pistillata,31.81342634,I,0,58.32038151,195.2195438,189.7116959,188.1831141,78.35700854,51.21696962,20.85431993
C-8-2_Middle,C-8-2,0.25,C,8,2,Stylophora pistillata,31.81342634,Middle,7,NA,NA,NA,NA,NA,NA,NA
T1-8-1_F,T1-8-1,0.34,T1,8,1,Stylophora pistillata,33.65498611,F,18,64.47964833,203.3483167,198.3070401,195.4294749,66.31482958,42.45844027,13.0024463
T1-8-1_I,T1-8-1,0.423,T1,8,1,Stylophora pistillata,33.65498611,I,0,61.84515767,195.2195438,189.7116959,188.1831141,64.32560706,41.11508745,14.46005264
T1-8-1_Middle,T1-8-1,0.366,T1,8,1,Stylophora pistillata,33.65498611,Middle,7,NA,NA,NA,NA,NA,NA,NA
T1-8-2_F,T1-8-2,0.341,T1,8,2,Stylophora pistillata,34.09503478,F,18,66.2116646,202.7859978,197.5462694,195.2656371,58.96460025,37.13189762,9.12161139
T1-8-2_I,T1-8-2,0.438,T1,8,2,Stylophora pistillata,34.09503478,I,0,63.33225773,195.2195438,189.7116959,188.1831141,59.29777235,37.55175465,11.40091547
T1-8-2_Middle,T1-8-2,0.233,T1,8,2,Stylophora pistillata,34.09503478,Middle,7,NA,NA,NA,NA,NA,NA,NA
T2-8-1_F,T2-8-1,0.161,T2,8,1,Stylophora pistillata,36.10948895,F,18,45.36546044,203.06107,197.9103429,195.4444993,105.6823277,83.58757831,62.64230959
T2-8-1_I,T2-8-1,0.456,T2,8,1,Stylophora pistillata,36.10948895,I,0,60.57962217,195.2195438,189.7116959,188.1831141,69.37000204,43.87936996,18.79332761
T2-8-1_Middle,T2-8-1,0.214,T2,8,1,Stylophora pistillata,36.10948895,Middle,7,NA,NA,NA,NA,NA,NA,NA
T2-8-2_F,T2-8-2,0.168,T2,8,2,Stylophora pistillata,35.57866298,F,18,55.09800383,202.9671618,197.6083968,195.5745627,92.72452892,64.17035103,34.15447154
T2-8-2_I,T2-8-2,0.434,T2,8,2,Stylophora pistillata,35.57866298,I,0,67.30822003,195.2195438,189.7116959,188.1831141,43.64176758,26.30064659,7.17854464
T2-8-2_Middle,T2-8-2,0.1,T2,8,2,Stylophora pistillata,35.57866298,Middle,7,NA,NA,NA,NA,NA,NA,NA
T3-8-1_F,T3-8-1,0,T3,8,1,Stylophora pistillata,37.86072744,F,18,52.24837479,203.06107,197.9103429,195.4444993,89.35944143,66.95041117,46.83562452
T3-8-1_I,T3-8-1,0.424,T3,8,1,Stylophora pistillata,37.86072744,I,0,62.71165602,195.2195438,189.7116959,188.1831141,57.70029869,37.13771186,16.6266324
T3-8-1_Middle,T3-8-1,0.177,T3,8,1,Stylophora pistillata,37.86072744,Middle,7,NA,NA,NA,NA,NA,NA,NA
T3-8-2_F,T3-8-2,0.076,T3,8,2,Stylophora pistillata,36.32067772,F,18,53.63783786,202.9671618,197.6083968,195.5745627,77.14433354,62.74768145,46.34381064
T3-8-2_I,T3-8-2,0.4,T3,8,2,Stylophora pistillata,36.32067772,I,0,65.38569714,195.2195438,189.7116959,188.1831141,52.75688616,31.84412494,8.07593083
T3-8-2_Middle,T3-8-2,0,T3,8,2,Stylophora pistillata,36.32067772,Middle,7,NA,NA,NA,NA,NA,NA,NA
C-9-1_F,C-9-1,0.342,C,9,1,Stylophora pistillata,31.81368785,F,18,61.40664357,203.3483167,198.3070401,195.4294749,81.42877268,51.80434473,18.9477588
C-9-1_I,C-9-1,0.381,C,9,1,Stylophora pistillata,31.81368785,I,0,56.61752018,191.6695964,185.6211548,184.2726663,82.29414581,52.24573656,21.78235567
C-9-1_Middle,C-9-1,0.231,C,9,1,Stylophora pistillata,31.81368785,Middle,7,NA,NA,NA,NA,NA,NA,NA
C-9-2_F,C-9-2,0.304,C,9,2,Stylophora pistillata,31.81342634,F,18,60.18250949,202.7859978,197.5462694,195.2656371,80.41684955,52.90205641,22.52227099
C-9-2_I,C-9-2,0.362,C,9,2,Stylophora pistillata,31.81342634,I,0,57.2189105,191.6695964,185.6211548,184.2726663,79.853583,50.91951204,20.51996544
C-9-2_Middle,C-9-2,0.291,C,9,2,Stylophora pistillata,31.81342634,Middle,7,NA,NA,NA,NA,NA,NA,NA
T1-9-1_F,T1-9-1,0.299,T1,9,1,Stylophora pistillata,33.65498611,F,18,64.73930796,203.3483167,198.3070401,195.4294749,65.93161838,41.41210276,13.81151438
T1-9-1_I,T1-9-1,0.385,T1,9,1,Stylophora pistillata,33.65498611,I,0,56.36585202,191.6695964,185.6211548,184.2726663,81.25542334,52.78375155,22.1708827
T1-9-1_Middle,T1-9-1,0.206,T1,9,1,Stylophora pistillata,33.65498611,Middle,7,NA,NA,NA,NA,NA,NA,NA
T1-9-2_F,T1-9-2,0.321,T1,9,2,Stylophora pistillata,34.09503478,F,18,69.90506775,202.7859978,197.5462694,195.2656371,46.31537393,26.37552636,6.40554994
T1-9-2_I,T1-9-2,0.412,T1,9,2,Stylophora pistillata,34.09503478,I,0,63.03260562,191.6695964,185.6211548,184.2726663,59.14932175,34.47251153,8.55679536
T1-9-2_Middle,T1-9-2,0.276,T1,9,2,Stylophora pistillata,34.09503478,Middle,7,NA,NA,NA,NA,NA,NA,NA
T2-9-1_F,T2-9-1,0.078,T2,9,1,Stylophora pistillata,36.10948895,F,18,52.12361921,203.06107,197.9103429,195.4444993,92.11061927,68.08757359,44.06115091
T2-9-1_I,T2-9-1,0.4,T2,9,1,Stylophora pistillata,36.10948895,I,0,63.07371084,191.6695964,185.6211548,184.2726663,57.89374999,34.48717007,8.82688589
T2-9-1_Middle,T2-9-1,0.049,T2,9,1,Stylophora pistillata,36.10948895,Middle,7,NA,NA,NA,NA,NA,NA,NA
T2-9-2_F,T2-9-2,0.193,T2,9,2,Stylophora pistillata,35.57866298,F,18,52.53412832,202.9671618,197.6083968,195.5745627,94.38078655,68.79087519,42.53232728
T2-9-2_I,T2-9-2,0.421,T2,9,2,Stylophora pistillata,35.57866298,I,0,60.53485732,191.6695964,185.6211548,184.2726663,64.71858634,40.92621754,15.14542734
T2-9-2_Middle,T2-9-2,0.112,T2,9,2,Stylophora pistillata,35.57866298,Middle,7,NA,NA,NA,NA,NA,NA,NA
T3-9-1_F,T3-9-1,0,T3,9,1,Stylophora pistillata,37.86072744,F,18,64.7077908,203.06107,197.9103429,195.4444993,60.24754895,38.14591692,18.25487948
T3-9-1_I,T3-9-1,0.402,T3,9,1,Stylophora pistillata,37.86072744,I,0,61.91976834,191.6695964,185.6211548,184.2726663,60.97338357,37.6705457,11.59343097
T3-9-1_Middle,T3-9-1,0,T3,9,1,Stylophora pistillata,37.86072744,Middle,7,NA,NA,NA,NA,NA,NA,NA
T3-9-2_F,T3-9-2,0.113,T3,9,2,Stylophora pistillata,36.32067772,F,18,55.52095841,202.9671618,197.6083968,195.5745627,73.26928053,57.74886797,43.35384173
T3-9-2_I,T3-9-2,0.412,T3,9,2,Stylophora pistillata,36.32067772,I,0,62.83849444,191.6695964,185.6211548,184.2726663,57.45061843,34.59317312,10.2715522
T3-9-2_Middle,T3-9-2,0,T3,9,2,Stylophora pistillata,36.32067772,Middle,7,NA,NA,NA,NA,NA,NA,NA
C-10-1_F,C-10-1,0.374,C,10,1,Stylophora pistillata,31.81368785,F,18,60.3670239,203.3483167,198.3070401,195.4294749,78.64992601,51.90924436,23.96122364
C-10-1_I,C-10-1,0.433,C,10,1,Stylophora pistillata,31.81368785,I,0,57.87921909,191.6695964,185.6211548,184.2726663,71.68998778,46.52361804,21.24516441
C-10-1_Middle,C-10-1,0.254,C,10,1,Stylophora pistillata,31.81368785,Middle,7,NA,NA,NA,NA,NA,NA,NA
C-10-2_F,C-10-2,0.349,C,10,2,Stylophora pistillata,31.81342634,F,18,62.58467469,202.7859978,197.5462694,195.2656371,74.85555704,46.36524331,17.09686268
C-10-2_I,C-10-2,0.456,C,10,2,Stylophora pistillata,31.81342634,I,0,62.81373708,191.6695964,185.6211548,184.2726663,58.14050828,34.41178283,10.48852522
C-10-2_Middle,C-10-2,0.307,C,10,2,Stylophora pistillata,31.81342634,Middle,7,NA,NA,NA,NA,NA,NA,NA
T1-10-1_F,T1-10-1,0.353,T1,10,1,Stylophora pistillata,33.65498611,F,18,66.15857515,203.3483167,198.3070401,195.4294749,59.37471988,36.40236292,13.61590503
T1-10-1_I,T1-10-1,0.449,T1,10,1,Stylophora pistillata,33.65498611,I,0,59.67318557,191.6695964,185.6211548,184.2726663,66.81712199,42.28494946,17.74947463
T1-10-1_Middle,T1-10-1,0.254,T1,10,1,Stylophora pistillata,33.65498611,Middle,7,NA,NA,NA,NA,NA,NA,NA
T1-10-2_F,T1-10-2,0.304,T1,10,2,Stylophora pistillata,34.09503478,F,18,65.32790285,202.7859978,197.5462694,195.2656371,65.19071841,39.35641447,11.42966919
T1-10-2_I,T1-10-2,0.436,T1,10,2,Stylophora pistillata,34.09503478,I,0,60.43576431,191.6695964,185.6211548,184.2726663,68.0949289,41.74151132,14.29358375
T1-10-2_Middle,T1-10-2,0.259,T1,10,2,Stylophora pistillata,34.09503478,Middle,7,NA,NA,NA,NA,NA,NA,NA
T2-10-1_F,T2-10-1,0.019,T2,10,1,Stylophora pistillata,36.10948895,F,18,44.58426132,203.06107,197.9103429,195.4444993,102.9948509,83.58697168,67.51689552
T2-10-1_I,T2-10-1,0.445,T2,10,1,Stylophora pistillata,36.10948895,I,0,62.4470087,191.6695964,185.6211548,184.2726663,58.59833127,35.46540227,11.55812083
T2-10-1_Middle,T2-10-1,0.107,T2,10,1,Stylophora pistillata,36.10948895,Middle,7,NA,NA,NA,NA,NA,NA,NA
T2-10-2_F,T2-10-2,0.15,T2,10,2,Stylophora pistillata,35.57866298,F,18,42.41744156,202.9671618,197.6083968,195.5745627,109.8040465,89.05198576,71.46876171
T2-10-2_I,T2-10-2,0.45,T2,10,2,Stylophora pistillata,35.57866298,I,0,63.34247893,191.6695964,185.6211548,184.2726663,56.23040889,33.09381256,8.99846676
T2-10-2_Middle,T2-10-2,0.096,T2,10,2,Stylophora pistillata,35.57866298,Middle,7,NA,NA,NA,NA,NA,NA,NA
T3-10-1_F,T3-10-1,0,T3,10,1,Stylophora pistillata,37.86072744,F,18,53.77066015,203.06107,197.9103429,195.4444993,80.26149949,61.62046606,46.08689632
T3-10-1_I,T3-10-1,0.449,T3,10,1,Stylophora pistillata,37.86072744,I,0,65.23906312,191.6695964,185.6211548,184.2726663,46.3523605,27.44380653,9.36495808
T3-10-1_Middle,T3-10-1,0,T3,10,1,Stylophora pistillata,37.86072744,Middle,7,NA,NA,NA,NA,NA,NA,NA
T3-10-2_F,T3-10-2,0.056,T3,10,2,Stylophora pistillata,36.32067772,F,18,47.96648045,202.9671618,197.6083968,195.5745627,92.34439512,75.62538454,59.0218695
T3-10-2_I,T3-10-2,0.447,T3,10,2,Stylophora pistillata,36.32067772,I,0,59.91504248,191.6695964,185.6211548,184.2726663,66.50151186,41.66591895,17.88218957
T3-10-2_Middle,T3-10-2,0,T3,10,2,Stylophora pistillata,36.32067772,Middle,7,NA,NA,NA,NA,NA,NA,NA
